,metallicity,spectral_group,spt,spt_id,t_eff
0,-0.094,K,K1.5V,60,5101.0
1,-0.057,G,G5V,52,5648.0
2,-0.115,G,G6V,53,5616.0
3,-0.119,G,G0V,47,5930.0
4,-0.078,G,G5V,52,5665.0
5,-0.19,G,G0V,47,5956.0
6,-0.19,G,G0V,47,5956.0
7,0.054,M,M4.5V,83,3109.0
8,-0.384,G,G8V,55,5428.0
9,-0.049,G,G0V,47,5929.0
10,-0.11,K,K1.5V,60,5118.0
11,-0.11,K,K1.5V,60,5118.0
12,0.14,K,K2V,61,5052.0
13,0.14,K,K2V,61,5052.0
14,-0.581,K,K2.5V,62,4957.0
15,-0.325,F,F9V,45,6080.0
16,-0.325,F,F9V,45,6080.0
17,-0.014,K,K2.5V,62,4980.0
18,-0.014,K,K2.5V,62,4980.0
19,-0.02,G,G6V,53,5571.0
20,-0.058,K,K0.5V,58,5216.0
21,-0.285,G,G0V,47,5931.0
22,0.205,M,M0V,74,3853.0
23,-0.657,G,G8V,55,5488.0
24,-0.766,G,G9V,56,5347.0
25,,G,G9V,56,
26,0.121,K,K3V,63,4901.0
27,-0.159,G,G4V,51,5688.0
28,0.07,G,G7V,54,5544.0
29,-0.01,K,K1.5V,60,5121.0
30,-0.099,G,G3V,50,5744.0
31,-0.17,K,K6.5V,70,4162.0
32,-0.079,G,G4V,51,5670.0
33,-0.113,G,G8V,55,5469.0
34,-0.048,G,G3V,50,5704.0
35,-0.041,G,G4V,51,5689.0
36,-0.014,G,G2V,49,5776.0
37,-0.15,G,G5V,52,5665.0
38,-0.034,G,G9V,56,5348.0
39,-0.034,G,G9V,56,5348.0
40,-0.114,F,F8V,44,6132.0
41,-0.114,F,F8V,44,6132.0
42,0.243,K,K3.5V,64,4683.0
43,-0.041,G,G8V,55,5425.0
44,0.003,K,K3V,63,4907.0
45,-0.078,F,F9.5V,46,5978.0
46,-0.078,F,F9.5V,46,5978.0
47,-0.255,G,G6V,53,5590.0
48,-0.305,F,F9.5V,46,6020.0
49,-0.031,G,G8V,55,5503.0
50,-0.264,F,F9.5V,46,5979.0
51,-0.818,G,G8V,55,5455.0
52,-0.429,F,F7V,43,6270.0
53,-0.058,G,G8V,55,5487.0
54,-0.232,K,K1V,59,5186.0
55,-0.116,G,G1V,48,5896.0
56,-0.373,G,G3V,50,5710.0
57,-0.248,G,G7V,54,5530.0
58,-0.248,G,G7V,54,5530.0
59,0.147,K,K0V,57,5264.0
60,0.147,K,K0V,57,5264.0
61,0.147,K,K0V,57,5264.0
62,-0.346,G,G9V,56,5350.0
63,-0.346,G,G9V,56,5350.0
64,-0.346,G,G9V,56,5350.0
65,-0.203,G,G1V,48,5893.0
66,-0.238,G,G2V,49,5800.0
67,-0.238,G,G2V,49,5800.0
68,-0.238,G,G2V,49,5800.0
69,-0.238,G,G2V,49,5800.0
70,-0.131,G,G6V,53,5578.0
71,-0.131,G,G6V,53,5578.0
72,0.052,K,K3V,63,4781.0
73,-0.173,G,G0V,47,5954.0
74,-0.173,G,G0V,47,5954.0
75,0.054,K,K3V,63,4825.0
76,-0.133,G,G0V,47,5915.0
77,0.17,G,G3V,50,5722.0
78,0.17,G,G3V,50,5722.0
79,-0.861,K,K2.5V,62,4926.0
80,-0.861,K,K2.5V,62,4926.0
81,0.509,K,K3.5V,64,4717.0
82,-0.151,F,F9V,45,6030.0
83,0.075,G,G0V,47,5938.0
84,0.075,G,G0V,47,5938.0
85,-0.188,G,G3V,50,5710.0
86,-0.188,G,G3V,50,5710.0
87,0.182,G,G8V,55,5472.0
88,-0.121,G,G3V,50,5744.0
89,-0.069,G,G9V,56,5319.0
90,-0.717,G,G8V,55,5440.0
91,-0.174,F,F9V,45,6084.0
92,-0.176,G,G6V,53,5617.0
93,0.042,G,G8V,55,5466.0
94,0.184,F,F6V,42,6297.0
95,0.184,F,F6V,42,6297.0
96,0.184,F,F6V,42,6297.0
97,-0.344,F,F1V,37,6921.0
98,-0.726,G,G6V,53,5605.0
99,-0.14,G,G7V,54,5537.0
100,-0.14,G,G7V,54,5537.0
101,-0.051,G,G8V,55,5480.0
102,-0.681,K,K3.5V,64,4660.0
103,-0.223,G,G2V,49,5755.0
104,-0.223,G,G2V,49,5755.0
105,-0.176,K,K5.5V,68,4350.0
106,0.292,G,G9V,56,5373.0
107,-0.43,F,F7V,43,6253.0
108,-0.29,G,G5V,52,5661.0
109,,G,G5V,52,
110,0.422,K,K2.5V,62,4972.0
111,0.422,K,K2.5V,62,4972.0
112,0.045,F,F8V,44,6131.0
113,0.15,G,G8V,55,5437.0
114,0.177,K,K1.5V,60,5098.0
115,-0.302,F,F9.5V,46,5969.0
116,-0.302,F,F9.5V,46,5969.0
117,-0.018,G,G8V,55,5443.0
118,-0.497,G,G0V,47,5926.0
119,-0.497,G,G0V,47,5926.0
120,-0.067,F,F3V,39,6711.0
121,-0.254,K,K5V,67,4371.0
122,-0.132,G,G3V,50,5736.0
123,-0.465,G,G2V,49,5786.0
124,-0.305,K,K2V,61,5058.0
125,,K,K2V,61,
126,-0.108,G,G2V,49,5750.0
127,-0.108,G,G2V,49,5750.0
128,-0.539,K,K2V,61,5084.0
129,-0.06,G,G3V,50,5702.0
130,0.376,K,K4V,65,4601.0
131,-0.098,G,G7V,54,5513.0
132,0.207,F,F9V,45,6094.0
133,-0.1,K,K0.5V,58,5206.0
134,-0.1,K,K0.5V,58,5206.0
135,-0.1,K,K0.5V,58,5206.0
136,-0.435,G,G6V,53,5614.0
137,-0.294,F,F9V,45,6059.0
138,-0.475,G,G1V,48,5842.0
139,-0.087,G,G3V,50,5732.0
140,0.219,G,G6V,53,5608.0
141,0.216,F,F8V,44,6189.0
142,0.471,K,K3.5V,64,4746.0
143,-0.045,F,F9V,45,6044.0
144,-0.045,F,F9V,45,6044.0
145,-0.2,G,G0V,47,5951.0
146,-0.385,G,G4V,51,5690.0
147,-0.407,K,K1V,59,5176.0
148,0.309,K,K1V,59,5179.0
149,-0.315,F,F6V,42,6306.0
150,-0.315,F,F6V,42,6306.0
151,0.078,G,G4V,51,5684.0
152,0.012,G,G2V,49,5812.0
153,0.012,G,G2V,49,5812.0
154,0.012,G,G2V,49,5812.0
155,0.111,F,F8V,44,6156.0
156,0.069,F,F9V,45,6084.0
157,-0.556,K,K3V,63,4854.0
158,0.258,G,G9V,56,5345.0
159,0.258,G,G9V,56,5345.0
160,0.081,G,G1V,48,5842.0
161,-0.265,K,K1.5V,60,5093.0
162,-1.195,K,K3V,63,4874.0
163,-0.049,K,K3.5V,64,4764.0
164,0.217,K,K2V,61,5022.0
165,-0.177,K,K1V,59,5157.0
166,-0.101,G,G5V,52,5666.0
167,-0.12,G,G1V,48,5843.0
168,-0.12,G,G1V,48,5843.0
169,-0.12,G,G1V,48,5843.0
170,0.401,G,G7V,54,5533.0
171,0.087,K,K7V,71,4097.0
172,0.087,K,K7V,71,4097.0
173,0.087,K,K7V,71,4097.0
174,-0.317,F,F5V,41,6435.0
175,-0.398,K,K3.5V,64,4762.0
176,-0.398,K,K3.5V,64,4762.0
177,-1.32,G,G4V,51,5699.0
178,,G,G4V,51,
179,-0.285,F,F9.5V,46,5970.0
180,-0.092,G,G3V,50,5708.0
181,-0.092,G,G3V,50,5708.0
182,0.114,K,K2.5V,62,4936.0
183,-0.185,G,G5V,52,5635.0
184,-0.258,G,G6V,53,5613.0
185,-0.16,F,F4V,40,6650.0
186,0.241,K,K3.5V,64,4724.0
187,-0.449,K,K5.5V,68,4353.0
188,-0.449,K,K5.5V,68,4353.0
189,-0.072,G,G6V,53,5575.0
190,-0.284,G,G7V,54,5541.0
191,-0.85,K,K5.5V,68,4288.0
192,-0.85,K,K5.5V,68,4288.0
193,-0.85,K,K5.5V,68,4288.0
194,0.026,G,G5V,52,5627.0
195,0.026,G,G5V,52,5627.0
196,-0.078,K,K0.5V,58,5242.0
197,-0.285,G,G9V,56,5357.0
198,-0.719,F,F9.5V,46,5972.0
199,-0.084,F,F7V,43,6237.0
200,-0.255,G,G6V,53,5589.0
201,-0.241,G,G9V,56,5326.0
202,,G,G9V,56,
203,,G,G9V,56,
204,0.195,G,G9V,56,5399.0
205,-0.548,K,K1V,59,5172.0
206,0.109,K,K0.5V,58,5237.0
207,-0.146,G,G4V,51,5675.0
208,-0.219,G,G5V,52,5661.0
209,-0.219,G,G5V,52,5661.0
210,-0.219,G,G5V,52,5661.0
211,,G,G5V,52,
212,-0.354,G,G5V,52,5650.0
213,-0.325,K,K0.5V,58,5236.0
214,-0.275,F,F8V,44,6134.0
215,0.193,K,K3V,63,4828.0
216,-0.425,G,G6V,53,5570.0
217,-0.38,K,K1.5V,60,5128.0
218,-0.38,K,K1.5V,60,5128.0
219,0.151,F,F9.5V,46,6016.0
220,0.091,G,G1V,48,5851.0
221,-0.033,F,F8V,44,6196.0
222,-0.232,K,K4.5V,66,4492.0
223,-0.232,K,K4.5V,66,4492.0
224,-0.308,F,F7V,43,6215.0
225,-0.308,F,F7V,43,6215.0
226,-0.308,F,F7V,43,6215.0
227,-0.994,G,G5V,52,5668.0
228,0.487,G,G5V,52,5647.0
229,0.487,G,G5V,52,5647.0
230,0.487,G,G5V,52,5647.0
231,-0.634,G,G2V,49,5810.0
232,0.121,G,G0V,47,5933.0
233,-0.467,F,F8V,44,6203.0
234,0.38,G,G4V,51,5699.0
235,0.119,K,K9V,73,3905.0
236,0.119,K,K9V,73,3905.0
237,-1.075,K,K4V,65,4619.0
238,-0.056,F,F8V,44,6193.0
239,,F,F8V,44,
240,-0.012,F,F9V,45,6045.0
241,-0.012,F,F9V,45,6045.0
242,-0.265,G,G8V,55,5430.0
243,-0.052,G,G0V,47,5935.0
244,-0.052,G,G0V,47,5935.0
245,-0.006,K,K3.5V,64,4741.0
246,0.194,G,G7V,54,5511.0
247,-0.501,K,K6V,69,4270.0
248,-0.202,G,G1V,48,5868.0
249,-0.202,G,G1V,48,5868.0
250,-0.202,G,G1V,48,5868.0
251,-0.202,G,G1V,48,5868.0
252,-0.202,G,G1V,48,5868.0
253,-0.368,G,G2V,49,5759.0
254,0.098,G,G9V,56,5362.0
255,0.011,F,F8V,44,6157.0
256,-0.562,K,K6V,69,4250.0
257,-0.562,K,K6V,69,4250.0
258,0.263,M,M0.5V,75,3785.0
259,-0.102,G,G1V,48,5872.0
260,-0.102,G,G1V,48,5872.0
261,-0.209,F,F9.5V,46,5974.0
262,0.204,G,G0V,47,5925.0
263,0.09,G,G0V,47,5914.0
264,0.09,G,G0V,47,5914.0
265,0.279,G,G9V,56,5352.0
266,-0.19,F,F8V,44,6146.0
267,-0.167,F,F9V,45,6063.0
268,0.082,G,G9V,56,5408.0
269,-0.086,A,A1V,27,9355.0
270,0.197,F,F9V,45,6066.0
271,0.365,M,M1.5V,77,3673.0
272,-0.199,G,G6V,53,5581.0
273,0.262,K,K3V,63,4768.0
274,-0.109,G,G6V,53,5572.0
275,,G,G6V,53,
276,,G,G6V,53,
277,-0.123,K,K1V,59,5178.0
278,-0.054,G,G1V,48,5897.0
279,-0.054,G,G1V,48,5897.0
280,-0.514,G,G6V,53,5623.0
281,-0.157,G,G3V,50,5722.0
282,-0.157,G,G3V,50,5722.0
283,-0.574,F,F8V,44,6166.0
284,0.027,K,K1.5V,60,5131.0
285,-0.196,G,G6V,53,5585.0
286,-0.209,K,K3V,63,4829.0
287,0.078,K,K4V,65,4638.0
288,-0.297,F,F9V,45,6099.0
289,0.301,G,G3V,50,5709.0
290,0.296,K,K4V,65,4639.0
291,-0.094,A,A6V,32,8006.0
292,-0.094,A,A6V,32,8006.0
293,-0.066,K,K6.5V,70,4187.0
294,-0.402,G,G7V,54,5515.0
295,-0.071,K,K2.5V,62,4918.0
296,-0.071,K,K2.5V,62,4918.0
297,-0.071,K,K2.5V,62,4918.0
298,-0.077,K,K3.5V,64,4735.0
299,-0.069,K,K5V,67,4394.0
300,0.009,G,G1V,48,5839.0
301,-0.159,G,G7V,54,5557.0
302,-0.085,G,G7V,54,5559.0
303,-0.074,F,F9V,45,6072.0
304,-0.112,G,G4V,51,5676.0
305,-0.112,G,G4V,51,5676.0
306,0.158,G,G8V,55,5445.0
307,0.158,G,G8V,55,5445.0
308,-0.131,G,G2V,49,5755.0
309,-0.131,G,G2V,49,5755.0
310,-0.131,G,G2V,49,5755.0
311,-0.131,G,G2V,49,5755.0
312,-0.131,G,G2V,49,5755.0
313,-0.438,K,K7V,71,4110.0
314,-0.136,G,G5V,52,5631.0
315,-0.136,G,G5V,52,5631.0
316,-0.136,G,G5V,52,5631.0
317,0.255,K,K2V,61,5087.0
318,-0.204,G,G1V,48,5858.0
319,-0.204,G,G1V,48,5858.0
320,-0.204,G,G1V,48,5858.0
321,0.155,K,K2.5V,62,4915.0
322,-0.151,K,K8V,72,3974.0
323,-0.151,K,K8V,72,3974.0
324,-0.151,K,K8V,72,3974.0
325,-0.151,K,K8V,72,3974.0
326,0.523,K,K3V,63,4783.0
327,0.523,K,K3V,63,4783.0
328,0.523,K,K3V,63,4783.0
329,-0.403,G,G1V,48,5890.0
330,0.205,G,G8V,55,5432.0
331,0.023,G,G6V,53,5588.0
332,-0.039,F,F8V,44,6154.0
333,0.143,G,G6V,53,5614.0
334,0.143,G,G6V,53,5614.0
335,0.143,G,G6V,53,5614.0
336,0.143,G,G6V,53,5614.0
337,0.143,G,G6V,53,5614.0
338,-0.374,F,F9V,45,6093.0
339,-0.374,F,F9V,45,6093.0
340,0.155,K,K2V,61,5027.0
341,0.155,K,K2V,61,5027.0
342,0.155,K,K2V,61,5027.0
343,0.155,K,K2V,61,5027.0
344,-0.142,G,G8V,55,5502.0
345,-0.142,G,G8V,55,5502.0
346,0.077,G,G3V,50,5709.0
347,-0.099,G,G9V,56,5361.0
348,-0.016,K,K3V,63,4817.0
349,-0.016,K,K3V,63,4817.0
350,-0.109,G,G9V,56,5403.0
351,-0.051,G,G7V,54,5514.0
352,-0.827,G,G9V,56,5326.0
353,-0.827,G,G9V,56,5326.0
354,-0.827,G,G9V,56,5326.0
355,-0.106,G,G0V,47,5928.0
356,-0.106,G,G0V,47,5928.0
357,-0.106,G,G0V,47,5928.0
358,-0.106,G,G0V,47,5928.0
359,0.016,F,F9.5V,46,6023.0
360,-0.224,G,G2V,49,5816.0
361,-0.015,K,K5V,67,4399.0
362,-0.238,G,G7V,54,5513.0
363,0.089,K,K3V,63,4817.0
364,-0.424,F,F8V,44,6154.0
365,-0.318,G,G6V,53,5564.0
366,-0.158,G,G0V,47,5945.0
367,-0.164,K,K2V,61,5031.0
368,-0.376,K,K2.5V,62,4961.0
369,-0.111,G,G1V,48,5843.0
370,0.075,K,K3.5V,64,4683.0
371,-0.185,F,F9.5V,46,6000.0
372,-0.119,F,F2V,38,6830.0
373,0.262,F,F9.5V,46,6016.0
374,-0.363,G,G1V,48,5875.0
375,-0.458,F,F5V,41,6527.0
376,-0.911,K,K6V,69,4264.0
377,-0.911,K,K6V,69,4264.0
378,-0.091,K,K2.5V,62,4916.0
379,-0.011,G,G6V,53,5584.0
380,-0.168,K,K7V,71,4072.0
381,0.52,M,M1V,76,3679.0
382,0.02,G,G2V,49,5786.0
383,0.238,K,K2.5V,62,4985.0
384,0.238,K,K2.5V,62,4985.0
385,0.056,G,G4V,51,5679.0
386,-0.124,G,G6V,53,5610.0
387,-0.12,K,K0.5V,58,5218.0
388,-0.127,G,G2V,49,5771.0
389,-0.216,K,K2V,61,5063.0
390,-0.216,K,K2V,61,5063.0
391,-0.216,K,K2V,61,5063.0
392,-0.053,G,G8V,55,5423.0
393,-0.074,K,K2.5V,62,5002.0
394,-0.208,K,K2.5V,62,4975.0
395,0.052,G,G0V,47,5944.0
396,0.484,K,K4V,65,4598.0
397,-0.444,K,K3V,63,4891.0
398,-0.102,K,K0.5V,58,5236.0
399,-0.102,K,K0.5V,58,5236.0
400,0.087,K,K0.5V,58,5226.0
401,0.087,K,K0.5V,58,5226.0
402,0.234,K,K9V,73,3948.0
403,-0.243,K,K4.5V,66,4497.0
404,-0.243,K,K4.5V,66,4497.0
405,-0.346,G,G8V,55,5479.0
406,-1.447,K,K4V,65,4628.0
407,-0.267,G,G4V,51,5698.0
408,-0.035,F,F6V,42,6419.0
409,-0.183,K,K1.5V,60,5117.0
410,-0.564,K,K0V,57,5263.0
411,0.148,K,K3V,63,4862.0
412,-0.131,G,G3V,50,5709.0
413,-0.438,G,G6V,53,5605.0
414,0.011,K,K3V,63,4807.0
415,-0.048,F,F9.5V,46,6006.0
416,-0.048,F,F9.5V,46,6006.0
417,-0.752,K,K5.5V,68,4308.0
418,-0.085,F,F6V,42,6400.0
419,-0.085,F,F6V,42,6400.0
420,-0.085,F,F6V,42,6400.0
421,-0.085,F,F6V,42,6400.0
422,0.203,G,G2V,49,5784.0
423,-0.293,G,G9V,56,5403.0
424,-0.187,K,K6V,69,4224.0
425,-0.17,K,K5.5V,68,4310.0
426,-0.118,G,G2V,49,5799.0
427,-0.118,G,G2V,49,5799.0
428,-0.311,F,F9V,45,6066.0
429,-0.311,F,F9V,45,6066.0
430,-0.311,F,F9V,45,6066.0
431,-0.311,F,F9V,45,6066.0
432,-0.121,G,G9V,56,5403.0
433,-0.43,K,K2V,61,5043.0
434,-0.066,G,G3V,50,5718.0
435,-0.066,G,G3V,50,5718.0
436,-0.279,F,F7V,43,6249.0
437,-0.279,F,F7V,43,6249.0
438,-0.373,G,G8V,55,5497.0
439,-0.191,G,G8V,55,5495.0
440,-0.191,G,G8V,55,5495.0
441,-0.224,K,K3.5V,64,4655.0
442,0.012,K,K4V,65,4632.0
443,0.012,K,K4V,65,4632.0
444,0.299,G,G8V,55,5503.0
445,0.299,G,G8V,55,5503.0
446,-0.053,G,G1V,48,5898.0
447,0.015,G,G9V,56,5381.0
448,-0.036,K,K4.5V,66,4484.0
449,,K,K4.5V,66,
450,-0.093,G,G1V,48,5885.0
451,-0.067,G,G5V,52,5646.0
452,-0.003,G,G3V,50,5701.0
453,-0.167,G,G3V,50,5720.0
454,-0.401,G,G2V,49,5776.0
455,-0.401,G,G2V,49,5776.0
456,-0.373,F,F9.5V,46,5994.0
457,-0.373,F,F9.5V,46,5994.0
458,0.152,G,G2V,49,5774.0
459,-0.521,G,G6V,53,5612.0
460,-0.107,G,G4V,51,5676.0
461,-0.107,G,G4V,51,5676.0
462,0.293,K,K3.5V,64,4653.0
463,0.01,K,K1.5V,60,5120.0
464,0.058,G,G2V,49,5817.0
465,-0.448,F,F8V,44,6193.0
466,-0.448,F,F8V,44,6193.0
467,-0.134,K,K9V,73,3912.0
468,-0.129,K,K0V,57,5274.0
469,-0.147,F,F5V,41,6463.0
470,0.18,K,K2V,61,5086.0
471,-0.699,K,K0.5V,58,5221.0
472,-0.287,G,G6V,53,5578.0
473,-0.573,G,G8V,55,5469.0
474,,G,G8V,55,
475,,G,G8V,55,
476,,G,G8V,55,
477,0.085,K,K3.5V,64,4667.0
478,0.133,K,K1V,59,5180.0
479,-0.478,G,G2V,49,5814.0
480,-0.222,K,K3.5V,64,4759.0
481,-0.084,F,F8V,44,6137.0
482,-0.339,F,F7V,43,6251.0
483,-0.339,F,F7V,43,6251.0
484,-0.102,G,G7V,54,5545.0
485,-0.019,G,G9V,56,5359.0
486,0.234,G,G8V,55,5497.0
487,0.234,G,G8V,55,5497.0
488,-0.381,K,K0.5V,58,5250.0
489,,K,K0.5V,58,
490,0.025,K,K0V,57,5303.0
491,-0.088,G,G2V,49,5808.0
492,-0.31,F,F9V,45,6081.0
493,-0.263,G,G0V,47,5935.0
494,-0.193,K,K0.5V,58,5236.0
495,-0.564,G,G9V,56,5347.0
496,-0.649,G,G7V,54,5513.0
497,-0.07,G,G0V,47,5917.0
498,0.109,F,F9.5V,46,6020.0
499,-0.213,G,G1V,48,5825.0
500,-0.213,G,G1V,48,5825.0
501,-0.266,K,K0V,57,5269.0
502,-0.132,K,K3V,63,4883.0
503,0.02,G,G6V,53,5602.0
504,-0.093,G,G1V,48,5889.0
505,-0.151,G,G8V,55,5437.0
506,-0.151,G,G8V,55,5437.0
507,-0.151,G,G8V,55,5437.0
508,-0.194,K,K9V,73,3952.0
509,-0.215,F,F9.5V,46,5983.0
510,-0.292,G,G9V,56,5408.0
511,-0.438,G,G8V,55,5439.0
512,-0.118,G,G6V,53,5570.0
513,0.095,G,G8V,55,5448.0
514,0.012,G,G9V,56,5355.0
515,0.012,G,G9V,56,5355.0
516,0.012,G,G9V,56,5355.0
517,0.012,G,G9V,56,5355.0
518,-0.149,K,K6.5V,70,4156.0
519,0.103,K,K3V,63,4842.0
520,0.103,K,K3V,63,4842.0
521,-0.42,G,G6V,53,5578.0
522,0.309,M,M1V,76,3743.0
523,0.406,K,K3.5V,64,4652.0
524,-0.149,G,G3V,50,5725.0
525,-0.315,F,F6V,42,6340.0
526,0.156,K,K3V,63,4857.0
527,0.156,K,K3V,63,4857.0
528,-0.786,G,G2V,49,5802.0
529,-0.761,F,F9V,45,6090.0
530,-0.761,F,F9V,45,6090.0
531,-0.761,F,F9V,45,6090.0
532,-0.466,G,G3V,50,5726.0
533,-0.555,G,G5V,52,5638.0
534,-0.063,K,K1.5V,60,5142.0
535,0.109,G,G3V,50,5700.0
536,-0.138,K,K2V,61,5083.0
537,-0.138,K,K2V,61,5083.0
538,-0.121,G,G4V,51,5692.0
539,-0.121,G,G4V,51,5692.0
540,-0.456,G,G9V,56,5316.0
541,,G,G9V,56,
542,,G,G9V,56,
543,-0.111,G,G4V,51,5675.0
544,-0.111,G,G4V,51,5675.0
545,-0.111,G,G4V,51,5675.0
546,-0.111,G,G4V,51,5675.0
547,-0.111,G,G4V,51,5675.0
548,-0.111,G,G4V,51,5675.0
549,-0.201,K,K0.5V,58,5207.0
550,-0.222,G,G3V,50,5722.0
551,0.073,K,K3V,63,4855.0
552,0.071,K,K1.5V,60,5105.0
553,0.071,K,K1.5V,60,5105.0
554,0.015,G,G8V,55,5491.0
555,0.241,K,K2V,61,5033.0
556,0.241,K,K2V,61,5033.0
557,-0.074,G,G6V,53,5610.0
558,0.182,G,G1V,48,5831.0
559,-0.093,G,G3V,50,5713.0
560,0.157,K,K0.5V,58,5224.0
561,-0.33,K,K2V,61,5059.0
562,-0.57,F,F5V,41,6562.0
563,-0.57,F,F5V,41,6562.0
564,-0.57,F,F5V,41,6562.0
565,-0.777,G,G1V,48,5853.0
566,-0.777,G,G1V,48,5853.0
567,-0.777,G,G1V,48,5853.0
568,-0.023,G,G1V,48,5864.0
569,-0.023,G,G1V,48,5864.0
570,-0.023,G,G1V,48,5864.0
571,-0.169,G,G7V,54,5543.0
572,-0.169,G,G7V,54,5543.0
573,-0.102,F,F8V,44,6119.0
574,-0.039,F,F9.5V,46,5999.0
575,-0.039,F,F9.5V,46,5999.0
576,-0.039,F,F9.5V,46,5999.0
577,-0.279,F,F8V,44,6130.0
578,-0.156,G,G1V,48,5879.0
579,-0.01,G,G7V,54,5553.0
580,-0.184,G,G2V,49,5814.0
581,-0.267,G,G1V,48,5855.0
582,-0.064,G,G2V,49,5769.0
583,-0.193,G,G1V,48,5884.0
584,-0.116,G,G0V,47,5915.0
585,-0.116,G,G0V,47,5915.0
586,-0.116,G,G0V,47,5915.0
587,0.033,K,K8V,72,4015.0
588,-0.147,G,G1V,48,5837.0
589,-0.141,K,K1V,59,5160.0
590,-0.419,K,K1V,59,5162.0
591,-0.03,G,G5V,52,5651.0
592,-0.197,G,G4V,51,5686.0
593,-0.197,G,G4V,51,5686.0
594,-0.197,G,G4V,51,5686.0
595,0.058,G,G7V,54,5532.0
596,-0.112,G,G1V,48,5887.0
597,0.322,G,G9V,56,5406.0
598,0.187,G,G8V,55,5491.0
599,-0.191,G,G9V,56,5337.0
600,-0.191,G,G9V,56,5337.0
601,-0.191,G,G9V,56,5337.0
602,-0.152,G,G9V,56,5342.0
603,-0.152,G,G9V,56,5342.0
604,-0.152,G,G9V,56,5342.0
605,-0.128,K,K1.5V,60,5151.0
606,0.004,K,K2V,61,5059.0
607,0.067,F,F9V,45,6096.0
608,-0.366,G,G9V,56,5403.0
609,-0.441,G,G3V,50,5738.0
610,-0.441,G,G3V,50,5738.0
611,-0.441,G,G3V,50,5738.0
612,-0.035,K,K1.5V,60,5144.0
613,-0.035,K,K1.5V,60,5144.0
614,-0.013,K,K0.5V,58,5242.0
615,-0.325,K,K7V,71,4061.0
616,-0.128,F,F8V,44,6164.0
617,-0.299,G,G8V,55,5489.0
618,0.134,G,G7V,54,5559.0
619,0.134,G,G7V,54,5559.0
620,-0.15,K,K2.5V,62,4927.0
621,0.07,G,G3V,50,5702.0
622,0.07,G,G3V,50,5702.0
623,0.009,F,F7V,43,6288.0
624,-0.04,G,G1V,48,5834.0
625,-0.028,K,K2V,61,5085.0
626,-0.028,K,K2V,61,5085.0
627,-0.028,K,K2V,61,5085.0
628,-0.028,K,K2V,61,5085.0
629,-0.138,F,F9.5V,46,5976.0
630,-0.138,F,F9.5V,46,5976.0
631,0.337,K,K4V,65,4590.0
632,0.337,K,K4V,65,4590.0
633,-0.383,K,K7V,71,4050.0
634,-0.161,K,K0V,57,5276.0
635,0.077,G,G9V,56,5311.0
636,0.077,G,G9V,56,5311.0
637,0.077,G,G9V,56,5311.0
638,0.076,F,F9.5V,46,5993.0
639,-0.624,K,K1.5V,60,5100.0
640,0.246,K,K8V,72,3989.0
641,0.192,G,G6V,53,5608.0
642,,G,G6V,53,
643,,G,G6V,53,
644,,G,G6V,53,
645,-0.345,K,K0.5V,58,5239.0
646,-0.168,K,K2V,61,5060.0
647,-0.643,G,G4V,51,5670.0
648,-0.333,K,K0.5V,58,5228.0
649,0.192,K,K3.5V,64,4672.0
650,-0.149,G,G6V,53,5595.0
651,,G,G6V,53,
652,,G,G6V,53,
653,-0.135,K,K2.5V,62,4992.0
654,0.137,K,K8V,72,4012.0
655,-0.03,K,K1.5V,60,5138.0
656,-0.061,K,K2.5V,62,4953.0
657,-0.061,K,K2.5V,62,4953.0
658,-0.134,G,G8V,55,5424.0
659,-0.134,G,G8V,55,5424.0
660,-0.134,G,G8V,55,5424.0
661,-0.048,G,G6V,53,5615.0
662,-0.11,K,K1.5V,60,5127.0
663,-0.11,K,K1.5V,60,5127.0
664,0.008,G,G6V,53,5565.0
665,0.008,G,G6V,53,5565.0
666,-0.474,G,G8V,55,5470.0
667,-0.17,G,G1V,48,5865.0
668,-0.121,F,F6V,42,6338.0
669,-0.471,G,G9V,56,5386.0
670,-0.083,G,G9V,56,5388.0
671,0.143,K,K2V,61,5037.0
672,0.143,K,K2V,61,5037.0
673,-0.326,F,F8V,44,6153.0
674,-0.326,F,F8V,44,6153.0
675,-0.118,K,K2V,61,5085.0
676,-0.292,G,G9V,56,5337.0
677,-0.018,K,K1V,59,5177.0
678,-0.018,K,K1V,59,5177.0
679,-0.194,G,G7V,54,5529.0
680,-0.478,F,F9.5V,46,6027.0
681,-0.228,G,G1V,48,5897.0
682,-0.199,F,F9V,45,6032.0
683,-0.047,K,K3V,63,4858.0
684,-0.051,G,G0V,47,5929.0
685,-0.361,G,G5V,52,5644.0
686,-0.361,G,G5V,52,5644.0
687,0.083,K,K3V,63,4864.0
688,-0.02,G,G7V,54,5535.0
689,-0.248,G,G8V,55,5440.0
690,-0.524,K,K6V,69,4211.0
691,-0.524,K,K6V,69,4211.0
692,-0.44,K,K1.5V,60,5122.0
693,-0.223,G,G6V,53,5564.0
694,-0.272,K,K3.5V,64,4749.0
695,-0.077,F,F9V,45,6031.0
696,-0.077,F,F9V,45,6031.0
697,0.109,G,G0V,47,5924.0
698,-0.014,G,G7V,54,5512.0
699,-0.014,G,G7V,54,5512.0
700,-0.014,G,G7V,54,5512.0
701,-0.014,G,G7V,54,5512.0
702,-0.023,G,G4V,51,5675.0
703,-0.101,K,K2V,61,5053.0
704,-0.101,K,K2V,61,5053.0
705,,K,K2V,61,
706,0.034,K,K0.5V,58,5205.0
707,-0.091,G,G9V,56,5371.0
708,-0.233,F,F9.5V,46,6025.0
709,0.169,K,K2.5V,62,4931.0
710,0.169,K,K2.5V,62,4931.0
711,0.169,K,K2.5V,62,4931.0
712,-0.14,K,K3.5V,64,4659.0
713,-0.093,K,K2.5V,62,4931.0
714,-0.093,K,K2.5V,62,4931.0
715,-0.338,G,G7V,54,5536.0
716,-0.338,G,G7V,54,5536.0
717,-0.338,G,G7V,54,5536.0
718,-0.748,K,K6V,69,4218.0
719,-0.748,K,K6V,69,4218.0
720,-0.058,G,G0V,47,5936.0
721,-0.355,G,G8V,55,5497.0
722,-0.036,M,M1V,76,3705.0
723,-0.361,G,G2V,49,5815.0
724,-0.29,K,K2V,61,5026.0
725,-0.006,G,G6V,53,5601.0
726,-0.02,G,G5V,52,5657.0
727,-0.037,F,F9.5V,46,5987.0
728,-0.127,K,K3V,63,4838.0
729,-0.22,K,K2.5V,62,4948.0
730,,K,K2.5V,62,
731,-0.064,F,F0V,36,7127.0
732,-0.051,F,F9V,45,6104.0
733,,F,F9V,45,
734,-0.458,F,F9V,45,6060.0
735,-0.179,F,F9.5V,46,5988.0
736,-0.236,G,G7V,54,5539.0
737,-0.573,F,F9.5V,46,5984.0
738,-0.07,G,G6V,53,5563.0
739,0.032,F,F9.5V,46,5976.0
740,0.029,K,K0V,57,5265.0
741,-0.011,F,F7V,43,6214.0
742,-0.21,K,K0.5V,58,5247.0
743,-0.21,K,K0.5V,58,5247.0
744,-0.113,K,K2V,61,5067.0
745,-0.588,G,G7V,54,5538.0
746,-0.588,G,G7V,54,5538.0
747,-0.098,G,G5V,52,5661.0
748,0.152,K,K2.5V,62,4994.0
749,-0.022,G,G1V,48,5851.0
750,-0.179,G,G2V,49,5795.0
751,-0.276,G,G7V,54,5551.0
752,-0.22,F,F6V,42,6301.0
753,-0.125,K,K2.5V,62,5010.0
754,-0.249,G,G3V,50,5729.0
755,0.04,G,G4V,51,5695.0
756,-0.403,G,G8V,55,5501.0
757,-0.403,G,G8V,55,5501.0
758,0.212,M,M1V,76,3721.0
759,-0.139,G,G3V,50,5737.0
760,-0.139,G,G3V,50,5737.0
761,-0.139,G,G3V,50,5737.0
762,-0.181,F,F9V,45,6063.0
763,-0.184,F,F5V,41,6523.0
764,-0.242,G,G8V,55,5455.0
765,0.138,F,F8V,44,6187.0
766,-0.041,G,G1V,48,5869.0
767,-0.075,K,K0.5V,58,5214.0
768,0.159,F,F7V,43,6244.0
769,0.107,G,G9V,56,5363.0
770,-0.325,F,F8V,44,6122.0
771,-0.537,K,K1V,59,5169.0
772,0.171,K,K0.5V,58,5206.0
773,0.171,K,K0.5V,58,5206.0
774,-0.064,F,F7V,43,6287.0
775,-0.064,F,F7V,43,6287.0
776,-0.114,G,G6V,53,5604.0
777,-0.244,K,K0V,57,5264.0
778,0.27,G,G3V,50,5734.0
779,0.011,F,F3V,39,6680.0
780,0.033,G,G7V,54,5543.0
781,-0.195,K,K7V,71,4051.0
782,-0.195,K,K7V,71,4051.0
783,-0.195,K,K7V,71,4051.0
784,0.12,G,G0V,47,5912.0
785,-0.238,G,G4V,51,5688.0
786,-0.238,G,G4V,51,5688.0
787,-0.137,G,G7V,54,5520.0
788,0.203,K,K2V,61,5058.0
789,0.203,K,K2V,61,5058.0
790,-0.17,K,K0V,57,5301.0
791,-0.231,G,G0V,47,5936.0
792,0.213,G,G0V,47,5942.0
793,0.304,K,K2.5V,62,4934.0
794,0.147,K,K2V,61,5065.0
795,-0.301,G,G6V,53,5601.0
796,-0.212,K,K3V,63,4829.0
797,-0.048,G,G2V,49,5755.0
798,-0.012,G,G6V,53,5610.0
799,0.154,G,G6V,53,5561.0
800,0.154,G,G6V,53,5561.0
801,-0.051,K,K2V,61,5039.0
802,-0.098,K,K4V,65,4639.0
803,,K,K4V,65,
804,0.103,G,G7V,54,5510.0
805,-0.556,K,K3V,63,4822.0
806,-0.556,K,K3V,63,4822.0
807,-0.556,K,K3V,63,4822.0
808,-0.023,G,G2V,49,5807.0
809,-0.023,G,G2V,49,5807.0
810,-0.075,F,F9.5V,46,5996.0
811,-0.506,G,G5V,52,5651.0
812,-0.181,G,G8V,55,5421.0
813,0.22,K,K1.5V,60,5103.0
814,0.111,G,G6V,53,5617.0
815,0.072,K,K2V,61,5048.0
816,0.072,K,K2V,61,5048.0
817,0.072,K,K2V,61,5048.0
818,0.072,K,K2V,61,5048.0
819,-0.317,G,G6V,53,5620.0
820,0.191,G,G4V,51,5679.0
821,-0.09,G,G5V,52,5665.0
822,0.128,G,G9V,56,5387.0
823,-0.012,F,F9V,45,6074.0
824,0.063,A,A8V,34,7490.0
825,-0.415,F,F9V,45,6030.0
826,-0.024,G,G5V,52,5666.0
827,0.214,G,G6V,53,5574.0
828,0.06,G,G1V,48,5863.0
829,-0.267,G,G5V,52,5645.0
830,-0.762,G,G1V,48,5825.0
831,0.157,K,K2V,61,5041.0
832,0.063,G,G5V,52,5632.0
833,-0.324,F,F5V,41,6464.0
834,-1.714,K,K4V,65,4630.0
835,-0.286,G,G9V,56,5396.0
836,-0.201,K,K5.5V,68,4362.0
837,-0.201,K,K5.5V,68,4362.0
838,-0.201,K,K5.5V,68,4362.0
839,-0.201,K,K5.5V,68,4362.0
840,-0.201,K,K5.5V,68,4362.0
841,-0.291,K,K5.5V,68,4290.0
842,-0.179,F,F6V,42,6366.0
843,-0.102,F,F7V,43,6243.0
844,-0.102,F,F7V,43,6243.0
845,0.067,G,G8V,55,5503.0
846,-0.285,F,F8V,44,6157.0
847,-0.305,F,F9.5V,46,5983.0
848,0.051,K,K3V,63,4877.0
849,0.051,K,K3V,63,4877.0
850,0.051,K,K3V,63,4877.0
851,-0.042,M,M0V,74,3892.0
852,-0.441,G,G8V,55,5484.0
853,-0.036,G,G9V,56,5350.0
854,-0.319,K,K5.5V,68,4295.0
855,,K,K5.5V,68,
856,-0.345,G,G5V,52,5666.0
857,-0.27,G,G4V,51,5694.0
858,-0.724,K,K5.5V,68,4337.0
859,-0.21,K,K0V,57,5303.0
860,0.509,K,K3.5V,64,4712.0
861,0.245,K,K0.5V,58,5221.0
862,0.245,K,K0.5V,58,5221.0
863,-0.078,K,K1.5V,60,5138.0
864,0.063,K,K2V,61,5017.0
865,0.063,K,K2V,61,5017.0
866,-0.343,G,G1V,48,5876.0
867,-0.062,G,G8V,55,5502.0
868,,G,G8V,55,
869,0.106,G,G5V,52,5634.0
870,0.106,G,G5V,52,5634.0
871,0.437,K,K3.5V,64,4665.0
872,-0.156,G,G5V,52,5634.0
873,-0.156,G,G5V,52,5634.0
874,-0.156,G,G5V,52,5634.0
875,0.128,G,G9V,56,5391.0
876,-0.041,K,K1.5V,60,5115.0
877,-0.189,K,K0.5V,58,5222.0
878,-0.487,K,K0V,57,5297.0
879,-0.235,K,K5.5V,68,4322.0
880,-0.098,K,K1.5V,60,5108.0
881,-0.038,K,K1.5V,60,5141.0
882,,K,K1.5V,60,
883,,K,K1.5V,60,
884,-0.133,G,G3V,50,5729.0
885,-0.133,G,G3V,50,5729.0
886,-0.143,G,G6V,53,5569.0
887,-0.121,K,K3.5V,64,4687.0
888,-0.134,K,K2V,61,5047.0
889,0.174,G,G6V,53,5570.0
890,-0.552,G,G8V,55,5438.0
891,-0.113,F,F9.5V,46,5979.0
892,0.106,M,M0.5V,75,3831.0
893,-0.136,G,G1V,48,5842.0
894,-0.09,G,G2V,49,5787.0
895,-0.263,F,F8V,44,6187.0
896,-0.263,F,F8V,44,6187.0
897,-0.263,F,F8V,44,6187.0
898,-0.263,F,F8V,44,6187.0
899,-0.365,F,F9.5V,46,5980.0
900,-0.365,F,F9.5V,46,5980.0
901,-0.474,G,G3V,50,5717.0
902,-0.151,F,F8V,44,6158.0
903,-0.151,F,F8V,44,6158.0
904,0.169,K,K2V,61,5017.0
905,0.019,K,K3V,63,4842.0
906,0.373,K,K3V,63,4843.0
907,-0.153,G,G2V,49,5779.0
908,-1.463,K,K5.5V,68,4347.0
909,-0.949,K,K6V,69,4262.0
910,-0.949,K,K6V,69,4262.0
911,,K,K6V,69,
912,0.323,K,K3.5V,64,4708.0
913,-0.024,G,G2V,49,5820.0
914,-0.024,G,G2V,49,5820.0
915,0.027,G,G3V,50,5735.0
916,0.098,G,G1V,48,5866.0
917,-0.674,F,F7V,43,6207.0
918,-0.674,F,F7V,43,6207.0
919,-0.23,G,G5V,52,5669.0
920,0.003,K,K3V,63,4897.0
921,-0.67,K,K6V,69,4214.0
922,-0.152,K,K0.5V,58,5213.0
923,0.066,K,K0.5V,58,5244.0
924,-0.029,G,G6V,53,5608.0
925,-0.281,G,G8V,55,5463.0
926,0.015,K,K1.5V,60,5114.0
927,-0.051,G,G6V,53,5608.0
928,0.005,G,G0V,47,5921.0
929,0.005,G,G0V,47,5921.0
930,-0.159,G,G8V,55,5500.0
931,-0.045,K,K1.5V,60,5145.0
932,-0.045,K,K1.5V,60,5145.0
933,-0.091,G,G4V,51,5696.0
934,-0.091,G,G4V,51,5696.0
935,-0.026,G,G2V,49,5777.0
936,0.34,K,K0.5V,58,5237.0
937,-0.135,G,G8V,55,5427.0
938,-0.374,G,G1V,48,5876.0
939,-0.374,G,G1V,48,5876.0
940,0.078,K,K2.5V,62,4982.0
941,-0.245,G,G6V,53,5615.0
942,-0.567,G,G6V,53,5587.0
943,-0.12,G,G3V,50,5724.0
944,-0.156,G,G8V,55,5418.0
945,0.009,K,K2V,61,5074.0
946,-0.049,G,G6V,53,5603.0
947,-0.383,G,G6V,53,5582.0
948,0.165,G,G9V,56,5401.0
949,0.012,G,G7V,54,5517.0
950,0.012,G,G7V,54,5517.0
951,-0.3,F,F9V,45,6034.0
952,-0.221,F,F8V,44,6155.0
953,0.169,K,K0V,57,5289.0
954,0.169,K,K0V,57,5289.0
955,0.169,K,K0V,57,5289.0
956,,K,K0V,57,
957,-0.074,G,G9V,56,5321.0
958,0.13,G,G7V,54,5559.0
959,0.121,G,G2V,49,5760.0
960,-0.097,K,K2.5V,62,4970.0
961,-0.062,G,G2V,49,5779.0
962,-0.357,G,G1V,48,5829.0
963,-0.487,G,G9V,56,5330.0
964,0.052,K,K2V,61,5046.0
965,0.052,K,K2V,61,5046.0
966,0.052,K,K2V,61,5046.0
967,-0.54,G,G6V,53,5603.0
968,-0.54,G,G6V,53,5603.0
969,-1.085,G,G8V,55,5450.0
970,0.565,M,M2V,78,3553.0
971,0.565,M,M2V,78,3553.0
972,-0.359,F,F8V,44,6121.0
973,-0.359,F,F8V,44,6121.0
974,-0.037,K,K0.5V,58,5208.0
975,-0.508,F,F8V,44,6120.0
976,-0.18,K,K1.5V,60,5142.0
977,-0.191,K,K1V,59,5174.0
978,-0.191,K,K1V,59,5174.0
979,-0.117,F,F9.5V,46,6028.0
980,-0.263,F,F9.5V,46,5984.0
981,-0.357,F,F7V,43,6210.0
982,-0.645,K,K1.5V,60,5141.0
983,-0.101,G,G6V,53,5596.0
984,-0.38,K,K0.5V,58,5247.0
985,-0.166,F,F9.5V,46,5988.0
986,-0.394,F,F9.5V,46,5980.0
987,-0.014,G,G8V,55,5468.0
988,-0.091,G,G0V,47,5942.0
989,-0.091,G,G0V,47,5942.0
990,0.037,G,G7V,54,5514.0
991,0.037,G,G7V,54,5514.0
992,-0.407,F,F9V,45,6060.0
993,-0.345,K,K5.5V,68,4285.0
994,-0.277,G,G4V,51,5697.0
995,-0.129,K,K0.5V,58,5253.0
996,-0.154,G,G9V,56,5326.0
997,0.163,M,M2V,78,3576.0
998,-0.193,F,F9V,45,6035.0
999,-0.12,K,K2.5V,62,4996.0
1000,-0.209,G,G2V,49,5779.0
1001,-0.146,G,G5V,52,5669.0
1002,-0.143,G,G9V,56,5392.0
1003,0.165,G,G9V,56,5362.0
1004,0.165,G,G9V,56,5362.0
1005,0.412,G,G9V,56,5403.0
1006,,G,G9V,56,
1007,-0.018,G,G0V,47,5945.0
1008,-0.031,G,G8V,55,5497.0
1009,-0.031,G,G8V,55,5497.0
1010,-0.021,F,F9.5V,46,5997.0
1011,-2.551,K,K2.5V,62,4997.0
1012,-0.147,G,G0V,47,5937.0
1013,-0.618,G,G6V,53,5601.0
1014,-0.081,G,G2V,49,5823.0
1015,-0.191,G,G9V,56,5340.0
1016,-0.572,K,K6.5V,70,4160.0
1017,-0.209,K,K3V,63,4869.0
1018,-0.209,K,K3V,63,4869.0
1019,-0.332,G,G9V,56,5394.0
1020,-0.332,G,G9V,56,5394.0
1021,-0.009,G,G9V,56,5406.0
1022,-0.053,G,G1V,48,5850.0
1023,-0.265,G,G0V,47,5942.0
1024,0.006,K,K1.5V,60,5103.0
1025,0.006,K,K1.5V,60,5103.0
1026,0.006,K,K1.5V,60,5103.0
1027,-0.489,K,K0V,57,5293.0
1028,-0.489,K,K0V,57,5293.0
1029,-0.017,F,F9.5V,46,6010.0
1030,-0.014,F,F9.5V,46,5991.0
1031,-0.214,K,K1.5V,60,5127.0
1032,0.023,G,G3V,50,5738.0
1033,0.51,K,K4V,65,4604.0
1034,-0.087,G,G9V,56,5356.0
1035,0.077,G,G6V,53,5566.0
1036,0.068,G,G3V,50,5735.0
1037,-0.192,K,K2.5V,62,4946.0
1038,0.029,G,G3V,50,5741.0
1039,0.024,G,G1V,48,5850.0
1040,-0.302,G,G9V,56,5378.0
1041,-0.106,G,G3V,50,5744.0
1042,-0.106,G,G3V,50,5744.0
1043,-0.283,K,K6V,69,4226.0
1044,-0.075,K,K1V,59,5181.0
1045,-0.054,G,G9V,56,5403.0
1046,-0.267,K,K0V,57,5302.0
1047,0.14,G,G2V,49,5820.0
1048,-0.153,G,G9V,56,5350.0
1049,-0.153,G,G9V,56,5350.0
1050,0.391,G,G8V,55,5467.0
1051,0.319,G,G3V,50,5714.0
1052,-0.181,G,G7V,54,5523.0
1053,-0.481,G,G1V,48,5858.0
1054,-0.396,K,K6.5V,70,4209.0
1055,-0.165,G,G9V,56,5370.0
1056,-0.018,G,G5V,52,5632.0
1057,0.199,F,F9.5V,46,6024.0
1058,0.214,F,F9.5V,46,6009.0
1059,-0.179,F,F9.5V,46,6027.0
1060,-0.451,F,F7V,43,6209.0
1061,-0.172,K,K3V,63,4851.0
1062,-0.216,G,G8V,55,5437.0
1063,-0.267,K,K6.5V,70,4208.0
1064,-0.034,G,G6V,53,5624.0
1065,0.378,G,G6V,53,5583.0
1066,-0.104,K,K0V,57,5287.0
1067,-0.191,G,G3V,50,5733.0
1068,-0.191,G,G3V,50,5733.0
1069,-0.191,G,G3V,50,5733.0
1070,-0.055,G,G9V,56,5383.0
1071,0.21,K,K3V,63,4872.0
1072,-0.076,F,F6V,42,6345.0
1073,-0.076,F,F6V,42,6345.0
1074,-0.076,F,F6V,42,6345.0
1075,-0.894,K,K5.5V,68,4350.0
1076,0.107,G,G2V,49,5781.0
1077,0.029,K,K6.5V,70,4193.0
1078,0.029,K,K6.5V,70,4193.0
1079,0.145,G,G4V,51,5677.0
1080,-0.314,G,G8V,55,5448.0
1081,-0.314,G,G8V,55,5448.0
1082,-0.235,K,K0.5V,58,5253.0
1083,0.265,M,M1V,76,3684.0
1084,0.272,M,M1.5V,77,3654.0
1085,-0.841,G,G6V,53,5593.0
1086,-0.097,G,G0V,47,5929.0
1087,0.044,G,G2V,49,5796.0
1088,0.181,G,G1V,48,5856.0
1089,0.147,K,K0.5V,58,5220.0
1090,0.21,G,G9V,56,5349.0
1091,0.096,G,G6V,53,5585.0
1092,-0.105,G,G2V,49,5778.0
1093,-0.105,G,G2V,49,5778.0
1094,-0.266,K,K6V,69,4250.0
1095,-0.172,G,G9V,56,5356.0
1096,0.212,G,G9V,56,5342.0
1097,0.212,G,G9V,56,5342.0
1098,0.347,K,K3V,63,4765.0
1099,-0.21,F,F6V,42,6344.0
1100,-0.154,F,F9V,45,6089.0
1101,-0.154,F,F9V,45,6089.0
1102,0.059,G,G9V,56,5359.0
1103,-0.001,G,G5V,52,5667.0
1104,-0.001,G,G5V,52,5667.0
1105,-0.234,G,G6V,53,5612.0
1106,-0.316,G,G0V,47,5933.0
1107,-0.316,G,G0V,47,5933.0
1108,-0.316,G,G0V,47,5933.0
1109,-0.316,G,G0V,47,5933.0
1110,-0.316,G,G0V,47,5933.0
1111,-0.307,F,F5V,41,6535.0
1112,0.061,G,G5V,52,5649.0
1113,0.061,G,G5V,52,5649.0
1114,0.061,G,G5V,52,5649.0
1115,0.061,G,G5V,52,5649.0
1116,-0.026,G,G9V,56,5380.0
1117,-0.026,G,G9V,56,5380.0
1118,0.533,K,K3.5V,64,4659.0
1119,-0.181,F,F9.5V,46,5992.0
1120,0.125,K,K0V,57,5284.0
1121,0.315,K,K2.5V,62,4998.0
1122,0.315,K,K2.5V,62,4998.0
1123,0.315,K,K2.5V,62,4998.0
1124,-0.268,G,G1V,48,5825.0
1125,-0.175,K,K2V,61,5072.0
1126,0.209,K,K2.5V,62,4997.0
1127,0.087,K,K1V,59,5178.0
1128,0.045,G,G1V,48,5856.0
1129,-0.031,G,G4V,51,5693.0
1130,-0.031,G,G4V,51,5693.0
1131,-0.055,G,G3V,50,5741.0
1132,,G,G3V,50,
1133,-0.847,K,K2.5V,62,4956.0
1134,-0.244,F,F7V,43,6241.0
1135,-0.244,F,F7V,43,6241.0
1136,-0.183,F,F9V,45,6036.0
1137,-0.183,F,F9V,45,6036.0
1138,-0.002,K,K1V,59,5184.0
1139,-0.267,F,F9V,45,6065.0
1140,-0.104,G,G3V,50,5707.0
1141,0.299,G,G7V,54,5549.0
1142,-0.21,G,G8V,55,5468.0
1143,-0.219,F,F8V,44,6202.0
1144,-0.219,F,F8V,44,6202.0
1145,-0.107,G,G6V,53,5583.0
1146,0.143,K,K2.5V,62,4984.0
1147,-0.08,K,K2.5V,62,4999.0
1148,,K,K2.5V,62,
1149,,K,K2.5V,62,
1150,0.22,G,G8V,55,5504.0
1151,-0.567,K,K0.5V,58,5258.0
1152,0.194,G,G8V,55,5488.0
1153,0.194,G,G8V,55,5488.0
1154,-0.041,G,G6V,53,5620.0
1155,-0.319,K,K1.5V,60,5112.0
1156,-0.979,K,K5V,67,4431.0
1157,-0.025,G,G1V,48,5859.0
1158,0.488,G,G0V,47,5941.0
1159,-0.031,G,G8V,55,5474.0
1160,-0.191,G,G5V,52,5665.0
1161,0.185,G,G9V,56,5364.0
1162,0.03,F,F9V,45,6052.0
1163,-0.097,G,G7V,54,5525.0
1164,-0.097,G,G7V,54,5525.0
1165,-0.37,K,K2V,61,5071.0
1166,-0.141,G,G3V,50,5722.0
1167,0.086,G,G2V,49,5805.0
1168,0.019,G,G8V,55,5435.0
1169,-0.288,G,G1V,48,5827.0
1170,-0.288,G,G1V,48,5827.0
1171,-0.113,G,G6V,53,5584.0
1172,-0.052,F,F9V,45,6103.0
1173,0.058,G,G8V,55,5444.0
1174,-0.037,M,M0.5V,75,3829.0
1175,0.281,G,G2V,49,5748.0
1176,0.124,K,K1V,59,5178.0
1177,-0.048,K,K2V,61,5059.0
1178,0.06,K,K2V,61,5052.0
1179,,K,K2V,61,
1180,,K,K2V,61,
1181,-0.082,K,K2V,61,5066.0
1182,-0.492,K,K9V,73,3933.0
1183,-0.492,K,K9V,73,3933.0
1184,-0.492,K,K9V,73,3933.0
1185,-0.315,K,K0V,57,5298.0
1186,,K,K0V,57,
1187,-0.019,K,K0.5V,58,5235.0
1188,-0.198,G,G3V,50,5733.0
1189,0.415,K,K3V,63,4767.0
1190,0.415,K,K3V,63,4767.0
1191,-0.011,F,F9V,45,6106.0
1192,-0.011,F,F9V,45,6106.0
1193,0.172,K,K9V,73,3911.0
1194,0.172,K,K9V,73,3911.0
1195,0.172,K,K9V,73,3911.0
1196,-0.27,G,G8V,55,5445.0
1197,-0.176,G,G3V,50,5701.0
1198,0.178,G,G0V,47,5953.0
1199,-0.287,K,K2.5V,62,4962.0
1200,0.109,G,G8V,55,5491.0
1201,-0.253,F,F9V,45,6074.0
1202,-0.165,G,G4V,51,5677.0
1203,-0.165,G,G4V,51,5677.0
1204,0.031,M,M0.5V,75,3831.0
1205,-0.007,F,F9.5V,46,6011.0
1206,-0.162,F,F8V,44,6121.0
1207,0.263,G,G6V,53,5599.0
1208,-0.011,G,G9V,56,5374.0
1209,0.031,F,F9.5V,46,6001.0
1210,-0.079,G,G3V,50,5722.0
1211,0.385,K,K6V,69,4210.0
1212,0.385,K,K6V,69,4210.0
1213,-0.066,G,G9V,56,5345.0
1214,-0.1,G,G5V,52,5668.0
1215,0.33,K,K3.5V,64,4747.0
1216,-0.224,G,G6V,53,5615.0
1217,0.18,G,G7V,54,5542.0
1218,-0.108,F,F7V,43,6236.0
1219,0.558,K,K3.5V,64,4680.0
1220,-0.354,G,G9V,56,5412.0
1221,0.392,K,K4V,65,4580.0
1222,-0.162,K,K5V,67,4406.0
1223,-0.094,F,F8V,44,6144.0
1224,0.02,G,G2V,49,5801.0
1225,0.02,G,G2V,49,5801.0
1226,0.02,G,G2V,49,5801.0
1227,0.01,K,K1.5V,60,5137.0
1228,-0.145,F,F9V,45,6073.0
1229,-0.053,F,F7V,43,6282.0
1230,-0.053,F,F7V,43,6282.0
1231,-0.053,F,F7V,43,6282.0
1232,-0.167,F,F9.5V,46,5984.0
1233,0.375,G,G9V,56,5382.0
1234,-0.31,G,G1V,48,5892.0
1235,-0.31,G,G1V,48,5892.0
1236,,G,G1V,48,
1237,-0.137,F,F9V,45,6062.0
1238,-0.362,G,G0V,47,5939.0
1239,0.145,G,G5V,52,5666.0
1240,0.145,G,G5V,52,5666.0
1241,-0.141,A,A2V,28,8848.0
1242,-0.188,G,G8V,55,5448.0
1243,-0.188,G,G8V,55,5448.0
1244,-0.188,G,G8V,55,5448.0
1245,-0.204,G,G6V,53,5623.0
1246,0.143,K,K1.5V,60,5101.0
1247,0.143,K,K1.5V,60,5101.0
1248,0.143,K,K1.5V,60,5101.0
1249,,K,K1.5V,60,
1250,0.007,G,G3V,50,5737.0
1251,0.007,G,G3V,50,5737.0
1252,-0.067,G,G8V,55,5504.0
1253,-0.067,G,G8V,55,5504.0
1254,-0.413,K,K1.5V,60,5123.0
1255,-0.413,K,K1.5V,60,5123.0
1256,-0.413,K,K1.5V,60,5123.0
1257,-0.413,K,K1.5V,60,5123.0
1258,0.103,G,G2V,49,5812.0
1259,-0.022,F,F8V,44,6133.0
1260,0.517,K,K0V,57,5276.0
1261,-0.245,G,G3V,50,5714.0
1262,-0.245,G,G3V,50,5714.0
1263,-0.474,G,G8V,55,5448.0
1264,-0.081,K,K3V,63,4799.0
1265,-0.025,G,G2V,49,5812.0
1266,-0.083,F,F9.5V,46,5986.0
1267,0.15,K,K0.5V,58,5244.0
1268,0.15,K,K0.5V,58,5244.0
1269,0.15,K,K0.5V,58,5244.0
1270,-0.138,G,G0V,47,5920.0
1271,-0.299,G,G6V,53,5565.0
1272,-0.299,G,G6V,53,5565.0
1273,-0.441,K,K6V,69,4218.0
1274,-0.212,G,G5V,52,5669.0
1275,-0.217,F,F9V,45,6082.0
1276,-0.122,G,G6V,53,5569.0
1277,-0.122,G,G8V,55,5428.0
1278,-0.016,G,G7V,54,5548.0
1279,0.104,F,F7V,43,6214.0
1280,0.356,K,K3.5V,64,4692.0
1281,0.132,G,G2V,49,5783.0
1282,0.054,M,M0V,74,3863.0
1283,0.415,K,K3.5V,64,4656.0
1284,0.101,K,K2.5V,62,4994.0
1285,-0.072,G,G7V,54,5537.0
1286,-0.072,G,G7V,54,5537.0
1287,-0.057,F,F9V,45,6030.0
1288,-0.057,F,F9V,45,6030.0
1289,-0.005,K,K4V,65,4594.0
1290,-0.021,F,F5V,41,6530.0
1291,-0.165,G,G2V,49,5776.0
1292,-0.278,G,G6V,53,5582.0
1293,0.385,F,F6V,42,6355.0
1294,-0.392,G,G5V,52,5639.0
1295,-0.314,G,G2V,49,5791.0
1296,-0.07,K,K8V,72,3990.0
1297,-0.07,K,K8V,72,3990.0
1298,-0.07,K,K8V,72,3990.0
1299,-0.07,K,K8V,72,3990.0
1300,-0.292,G,G4V,51,5682.0
1301,-0.074,G,G1V,48,5856.0
1302,0.044,G,G3V,50,5707.0
1303,-0.131,G,G5V,52,5649.0
1304,0.454,K,K2V,61,5078.0
1305,-0.106,G,G4V,51,5681.0
1306,-0.219,G,G6V,53,5575.0
1307,-0.213,F,F9.5V,46,5998.0
1308,0.028,K,K9V,73,3931.0
1309,0.028,K,K9V,73,3931.0
1310,0.028,K,K9V,73,3931.0
1311,0.204,K,K3.5V,64,4727.0
1312,0.141,K,K2.5V,62,5004.0
1313,-0.146,K,K0V,57,5293.0
1314,-0.146,K,K0V,57,5293.0
1315,-0.281,K,K6V,69,4212.0
1316,-0.437,G,G3V,50,5710.0
1317,-0.624,G,G1V,48,5877.0
1318,-0.063,G,G1V,48,5891.0
1319,-0.196,G,G2V,49,5753.0
1320,-0.211,G,G6V,53,5599.0
1321,-0.211,G,G6V,53,5599.0
1322,-0.211,G,G6V,53,5599.0
1323,-0.211,G,G6V,53,5599.0
1324,-0.026,F,F7V,43,6286.0
1325,-0.026,F,F7V,43,6286.0
1326,-0.122,F,F4V,40,6659.0
1327,0.469,G,G9V,56,5360.0
1328,-0.052,G,G7V,54,5517.0
1329,-0.309,K,K2V,61,5038.0
1330,-0.309,K,K2V,61,5038.0
1331,-0.309,K,K2V,61,5038.0
1332,-0.13,G,G3V,50,5719.0
1333,-0.107,F,F9V,45,6075.0
1334,-0.372,G,G9V,56,5335.0
1335,-0.173,G,G2V,49,5775.0
1336,-0.284,G,G7V,54,5552.0
1337,-0.188,K,K5V,67,4411.0
1338,-0.224,K,K0.5V,58,5241.0
1339,-0.174,K,K2.5V,62,5000.0
1340,-0.301,K,K1V,59,5164.0
1341,-0.265,F,F6V,42,6310.0
1342,-0.185,K,K6.5V,70,4157.0
1343,-0.499,G,G9V,56,5394.0
1344,0.137,G,G8V,55,5471.0
1345,-0.225,G,G3V,50,5711.0
1346,-0.225,G,G3V,50,5711.0
1347,-0.01,K,K1.5V,60,5144.0
1348,-0.42,G,G3V,50,5701.0
1349,,G,G3V,50,
1350,-0.155,K,K3.5V,64,4711.0
1351,-0.718,G,G6V,53,5573.0
1352,0.272,K,K3.5V,64,4758.0
1353,-0.145,F,F8V,44,6127.0
1354,-0.161,K,K1.5V,60,5109.0
1355,-0.161,K,K1.5V,60,5109.0
1356,-0.161,K,K1.5V,60,5109.0
1357,-0.125,G,G1V,48,5874.0
1358,0.177,K,K3V,63,4818.0
1359,-0.125,F,F8V,44,6143.0
1360,-0.125,F,F8V,44,6143.0
1361,-0.125,F,F8V,44,6143.0
1362,-0.129,G,G3V,50,5712.0
1363,-0.478,G,G8V,55,5419.0
1364,-0.478,G,G8V,55,5419.0
1365,0.126,M,M0V,74,3846.0
1366,-0.191,K,K3V,63,4778.0
1367,-0.019,K,K1V,59,5198.0
1368,-0.305,K,K3.5V,64,4681.0
1369,-0.267,G,G1V,48,5833.0
1370,-0.145,G,G9V,56,5414.0
1371,-0.145,G,G9V,56,5414.0
1372,-0.141,G,G2V,49,5778.0
1373,-0.065,F,F5V,41,6471.0
1374,-0.139,K,K1.5V,60,5145.0
1375,-0.139,K,K1.5V,60,5145.0
1376,-0.311,K,K2V,61,5056.0
1377,-0.311,K,K2V,61,5056.0
1378,0.188,K,K5.5V,68,4357.0
1379,-0.077,K,K2V,61,5033.0
1380,,K,K2V,61,
1381,,K,K2V,61,
1382,-0.138,G,G3V,50,5709.0
1383,-0.447,F,F9.5V,46,6013.0
1384,-0.447,F,F9.5V,46,6013.0
1385,-0.389,G,G6V,53,5606.0
1386,-0.215,K,K2.5V,62,4993.0
1387,-0.298,G,G1V,48,5833.0
1388,-0.298,G,G1V,48,5833.0
1389,-0.298,G,G1V,48,5833.0
1390,-0.354,G,G7V,54,5555.0
1391,-0.145,G,G9V,56,5374.0
1392,-0.145,G,G9V,56,5374.0
1393,-0.26,K,K6.5V,70,4157.0
1394,-0.26,K,K6.5V,70,4157.0
1395,-0.233,K,K1.5V,60,5093.0
1396,-0.094,F,F9V,45,6089.0
1397,0.041,G,G5V,52,5634.0
1398,0.037,G,G4V,51,5680.0
1399,-0.052,K,K1V,59,5171.0
1400,-0.052,K,K1V,59,5171.0
1401,0.04,K,K1V,59,5174.0
1402,-1.385,K,K4V,65,4619.0
1403,0.094,G,G7V,54,5556.0
1404,,G,G7V,54,
1405,0.207,M,M1V,76,3737.0
1406,-0.111,K,K3.5V,64,4760.0
1407,0.178,K,K1V,59,5174.0
1408,-0.015,K,K3V,63,4894.0
1409,-0.108,G,G2V,49,5814.0
1410,-0.072,K,K1V,59,5179.0
1411,-0.367,G,G8V,55,5489.0
1412,-0.371,K,K7V,71,4124.0
1413,-0.076,G,G1V,48,5869.0
1414,-0.197,G,G6V,53,5615.0
1415,-0.197,G,G6V,53,5615.0
1416,-0.038,F,F7V,43,6221.0
1417,-0.038,F,F7V,43,6221.0
1418,0.001,G,G5V,52,5659.0
1419,-0.045,K,K0V,57,5289.0
1420,-0.035,G,G3V,50,5733.0
1421,,G,G3V,50,
1422,-0.278,G,G6V,53,5564.0
1423,0.191,G,G8V,55,5457.0
1424,0.191,G,G8V,55,5457.0
1425,-0.199,F,F8V,44,6130.0
1426,-0.143,F,F6V,42,6291.0
1427,0.136,G,G6V,53,5584.0
1428,0.136,G,G6V,53,5584.0
1429,-0.438,K,K3.5V,64,4654.0
1430,-0.207,K,K5.5V,68,4337.0
1431,-0.255,K,K0.5V,58,5249.0
1432,-0.255,K,K0.5V,58,5249.0
1433,0.025,G,G0V,47,5925.0
1434,0.081,G,G2V,49,5781.0
1435,-0.211,F,F2V,38,6869.0
1436,-0.165,G,G3V,50,5714.0
1437,0.033,G,G1V,48,5830.0
1438,-0.313,G,G7V,54,5556.0
1439,-0.027,G,G5V,52,5652.0
1440,-0.027,G,G5V,52,5652.0
1441,-0.242,K,K2.5V,62,4950.0
1442,-0.067,G,G2V,49,5787.0
1443,-0.067,G,G2V,49,5787.0
1444,-0.067,G,G2V,49,5787.0
1445,-0.043,G,G2V,49,5782.0
1446,,G,G2V,49,
1447,-0.092,G,G3V,50,5725.0
1448,-0.092,G,G3V,50,5725.0
1449,-0.092,G,G3V,50,5725.0
1450,0.008,G,G8V,55,5425.0
1451,0.008,G,G8V,55,5425.0
1452,-0.106,G,G2V,49,5798.0
1453,-0.041,F,F9V,45,6065.0
1454,-0.086,G,G1V,48,5883.0
1455,,G,G1V,48,
1456,,G,G1V,48,
1457,-0.158,G,G5V,52,5664.0
1458,-0.414,G,G7V,54,5534.0
1459,-0.109,K,K2.5V,62,4956.0
1460,-0.109,K,K2.5V,62,4956.0
1461,-0.109,K,K2.5V,62,4956.0
1462,0.005,F,F6V,42,6378.0
1463,-0.003,K,K5V,67,4450.0
1464,-0.16,G,G8V,55,5491.0
1465,-0.16,G,G8V,55,5491.0
1466,0.28,K,K2V,61,5039.0
1467,0.375,K,K0.5V,58,5237.0
1468,0.375,K,K0.5V,58,5237.0
1469,-0.141,F,F8V,44,6157.0
1470,-0.09,G,G2V,49,5800.0
1471,0.04,G,G6V,53,5614.0
1472,-0.349,K,K1V,59,5175.0
1473,-0.18,G,G1V,48,5862.0
1474,-0.18,G,G1V,48,5862.0
1475,-0.077,G,G7V,54,5559.0
1476,-0.077,G,G7V,54,5559.0
1477,-0.237,G,G8V,55,5417.0
1478,-0.274,G,G3V,50,5703.0
1479,-0.274,G,G3V,50,5703.0
1480,-0.274,G,G3V,50,5703.0
1481,-0.59,G,G1V,48,5839.0
1482,0.089,K,K3V,63,4869.0
1483,0.132,G,G5V,52,5665.0
1484,0.245,M,M1V,76,3727.0
1485,-0.108,G,G1V,48,5853.0
1486,-0.052,G,G4V,51,5675.0
1487,-0.052,G,G4V,51,5675.0
1488,-0.052,G,G4V,51,5675.0
1489,-0.34,G,G3V,50,5715.0
1490,-0.047,G,G6V,53,5602.0
1491,-0.409,G,G9V,56,5382.0
1492,-0.291,G,G9V,56,5401.0
1493,-0.291,G,G9V,56,5401.0
1494,-0.294,F,F9.5V,46,5967.0
1495,-0.135,F,F9.5V,46,5970.0
1496,-0.238,G,G3V,50,5744.0
1497,-0.238,G,G3V,50,5744.0
1498,0.11,G,G9V,56,5401.0
1499,-0.763,G,G5V,52,5662.0
1500,-0.374,F,F9V,45,6101.0
1501,0.018,G,G9V,56,5322.0
1502,-0.068,G,G2V,49,5821.0
1503,-0.068,G,G2V,49,5821.0
1504,-0.076,G,G1V,48,5889.0
1505,-0.162,G,G7V,54,5537.0
1506,0.259,K,K3V,63,4794.0
1507,-0.132,K,K2.5V,62,5013.0
1508,-0.174,F,F2V,38,6841.0
1509,-0.225,K,K2V,61,5029.0
1510,-0.225,K,K2V,61,5029.0
1511,-0.151,F,F9V,45,6076.0
1512,-0.151,F,F9V,45,6076.0
1513,-0.233,G,G0V,47,5923.0
1514,-0.088,K,K2.5V,62,4962.0
1515,-0.12,G,G1V,48,5854.0
1516,-0.12,G,G1V,48,5854.0
1517,-0.115,K,K2.5V,62,4966.0
1518,-0.096,G,G1V,48,5888.0
1519,-0.132,G,G0V,47,5949.0
1520,-0.044,G,G9V,56,5324.0
1521,-0.112,G,G6V,53,5576.0
1522,-0.112,G,G6V,53,5576.0
1523,-0.11,G,G2V,49,5779.0
1524,-0.121,K,K4.5V,66,4502.0
1525,-0.121,K,K4.5V,66,4502.0
1526,-0.121,K,K4.5V,66,4502.0
1527,-0.264,F,F7V,43,6246.0
1528,-0.342,G,G9V,56,5360.0
1529,-0.439,K,K0V,57,5288.0
1530,0.191,K,K2.5V,62,4964.0
1531,-0.419,K,K3V,63,4813.0
1532,,K,K3V,63,
1533,-0.286,K,K0.5V,58,5227.0
1534,-0.286,K,K0.5V,58,5227.0
1535,-0.286,K,K0.5V,58,5227.0
1536,-0.132,G,G6V,53,5596.0
1537,0.366,K,K3.5V,64,4667.0
1538,-0.318,K,K5V,67,4413.0
1539,0.005,F,F9.5V,46,5986.0
1540,-0.091,K,K0.5V,58,5255.0
1541,-0.232,G,G2V,49,5816.0
1542,-0.129,G,G9V,56,5384.0
1543,-0.129,G,G9V,56,5384.0
1544,-0.08,G,G5V,52,5639.0
1545,-0.357,G,G1V,48,5861.0
1546,-0.112,K,K7V,71,4084.0
1547,-0.535,K,K2V,61,5055.0
1548,-0.535,K,K2V,61,5055.0
1549,-0.197,G,G6V,53,5560.0
1550,0.153,G,G5V,52,5658.0
1551,-0.041,G,G1V,48,5868.0
1552,-0.072,F,F8V,44,6148.0
1553,0.226,K,K0V,57,5263.0
1554,-0.081,G,G0V,47,5926.0
1555,-0.081,G,G0V,47,5926.0
1556,0.063,F,F6V,42,6336.0
1557,0.148,G,G8V,55,5426.0
1558,0.148,G,G8V,55,5426.0
1559,-0.164,G,G2V,49,5774.0
1560,-0.006,F,F9V,45,6113.0
1561,0.313,M,M0.5V,75,3834.0
1562,-0.111,G,G6V,53,5575.0
1563,-0.046,G,G2V,49,5759.0
1564,-0.046,G,G2V,49,5759.0
1565,0.362,G,G3V,50,5718.0
1566,,G,G3V,50,
1567,0.127,K,K0V,57,5295.0
1568,-0.107,G,G2V,49,5749.0
1569,-0.178,G,G6V,53,5616.0
1570,-0.053,K,K3V,63,4787.0
1571,-0.286,G,G9V,56,5345.0
1572,0.038,K,K3.5V,64,4757.0
1573,,K,K3.5V,64,
1574,-0.137,F,F6V,42,6290.0
1575,-0.137,F,F6V,42,6290.0
1576,-0.137,F,F6V,42,6290.0
1577,-0.358,G,G2V,49,5752.0
1578,0.116,G,G0V,47,5913.0
1579,0.004,G,G7V,54,5550.0
1580,-0.112,G,G3V,50,5738.0
1581,0.023,G,G8V,55,5431.0
1582,-0.052,K,K3.5V,64,4719.0
1583,-0.108,F,F9V,45,6103.0
1584,-0.108,F,F9V,45,6103.0
1585,-0.108,F,F9V,45,6103.0
1586,-0.108,F,F9V,45,6103.0
1587,-0.108,F,F9V,45,6103.0
1588,-0.108,F,F9V,45,6103.0
1589,-0.216,G,G1V,48,5897.0
1590,-0.139,G,G3V,50,5713.0
1591,0.0,K,K0V,57,5304.0
1592,-0.068,G,G2V,49,5817.0
1593,-0.068,G,G2V,49,5817.0
1594,0.345,K,K1.5V,60,5118.0
1595,-0.139,F,F6V,42,6326.0
1596,-0.142,G,G8V,55,5461.0
1597,0.028,F,F7V,43,6216.0
1598,0.168,M,M1V,76,3712.0
1599,-0.049,G,G9V,56,5410.0
1600,-0.114,G,G5V,52,5663.0
1601,-0.176,F,F9V,45,6060.0
1602,-0.188,G,G6V,53,5604.0
1603,0.049,G,G5V,52,5667.0
1604,-0.029,G,G1V,48,5887.0
1605,-0.326,G,G1V,48,5877.0
1606,-0.326,G,G1V,48,5877.0
1607,-0.326,G,G1V,48,5877.0
1608,-0.288,G,G2V,49,5766.0
1609,-0.201,G,G5V,52,5669.0
1610,-0.167,G,G3V,50,5714.0
1611,-0.167,G,G3V,50,5714.0
1612,-0.096,G,G5V,52,5668.0
1613,,G,G5V,52,
1614,0.217,K,K3.5V,64,4720.0
1615,0.217,K,K3.5V,64,4720.0
1616,0.124,G,G7V,54,5533.0
1617,-0.297,F,F9.5V,46,5967.0
1618,-0.297,F,F9.5V,46,5967.0
1619,-0.1,F,F2V,38,6795.0
1620,-0.843,G,G0V,47,5941.0
1621,0.483,K,K3.5V,64,4655.0
1622,,K,K3.5V,64,
1623,-0.009,K,K1V,59,5167.0
1624,-0.024,K,K3.5V,64,4667.0
1625,-0.101,G,G1V,48,5865.0
1626,-0.07,F,F9V,45,6062.0
1627,-0.841,K,K6V,69,4230.0
1628,-0.463,G,G9V,56,5389.0
1629,-0.503,K,K1.5V,60,5124.0
1630,-0.137,G,G3V,50,5731.0
1631,-0.008,F,F7V,43,6225.0
1632,-0.081,G,G9V,56,5369.0
1633,0.294,G,G9V,56,5365.0
1634,-0.562,G,G2V,49,5768.0
1635,-0.089,F,F7V,43,6285.0
1636,-0.265,G,G0V,47,5924.0
1637,-0.194,G,G8V,55,5509.0
1638,-0.194,G,G8V,55,5509.0
1639,-0.026,K,K3.5V,64,4691.0
1640,0.037,K,K3V,63,4815.0
1641,-0.057,K,K2V,61,5019.0
1642,-0.391,G,G3V,50,5709.0
1643,-0.391,G,G3V,50,5709.0
1644,-0.391,G,G3V,50,5709.0
1645,-0.171,G,G7V,54,5550.0
1646,-0.171,G,G7V,54,5550.0
1647,-0.171,G,G7V,54,5550.0
1648,-0.073,F,F9V,45,6102.0
1649,-0.147,G,G2V,49,5774.0
1650,-0.289,K,K7V,71,4075.0
1651,-0.289,K,K7V,71,4075.0
1652,-0.289,K,K7V,71,4075.0
1653,0.047,K,K3.5V,64,4761.0
1654,-0.41,K,K2V,61,5051.0
1655,0.407,M,M1V,76,3735.0
1656,0.04,G,G8V,55,5431.0
1657,-0.079,G,G2V,49,5803.0
1658,-0.079,G,G2V,49,5803.0
1659,-0.079,G,G2V,49,5803.0
1660,-0.219,G,G2V,49,5811.0
1661,-0.161,F,F9.5V,46,6012.0
1662,-0.354,F,F8V,44,6143.0
1663,-0.354,F,F8V,44,6143.0
1664,-0.649,G,G5V,52,5654.0
1665,-0.098,K,K0V,57,5309.0
1666,-0.162,K,K1V,59,5166.0
1667,-0.267,G,G1V,48,5895.0
1668,-0.144,K,K7V,71,4082.0
1669,-0.573,K,K5.5V,68,4300.0
1670,-0.573,K,K5.5V,68,4300.0
1671,-0.085,G,G3V,50,5701.0
1672,-0.281,G,G7V,54,5528.0
1673,-0.36,G,G8V,55,5415.0
1674,-0.812,G,G8V,55,5491.0
1675,-0.081,F,F9V,45,6050.0
1676,-0.1,K,K3V,63,4833.0
1677,0.318,M,M0.5V,75,3833.0
1678,-0.181,F,F8V,44,6176.0
1679,-0.816,F,F9.5V,46,5973.0
1680,-0.313,G,G3V,50,5733.0
1681,0.04,K,K1.5V,60,5141.0
1682,-0.034,F,F9V,45,6084.0
1683,-0.034,F,F9V,45,6084.0
1684,-0.134,F,F5V,41,6507.0
1685,-0.197,G,G1V,48,5862.0
1686,0.021,G,G1V,48,5826.0
1687,-0.158,G,G1V,48,5881.0
1688,0.208,K,K0V,57,5284.0
1689,-0.393,K,K0.5V,58,5223.0
1690,-0.086,G,G1V,48,5854.0
1691,0.219,F,F9.5V,46,6000.0
1692,-0.272,G,G7V,54,5539.0
1693,-0.272,G,G7V,54,5539.0
1694,0.077,F,F9.5V,46,5989.0
1695,0.077,F,F9.5V,46,5989.0
1696,-0.369,K,K2V,61,5065.0
1697,-0.011,K,K7V,71,4112.0
1698,-0.011,K,K7V,71,4112.0
1699,0.077,K,K8V,72,3978.0
1700,-0.399,G,G9V,56,5380.0
1701,-0.037,G,G5V,52,5638.0
1702,0.099,G,G9V,56,5389.0
1703,0.211,K,K2V,61,5086.0
1704,-0.129,F,F8V,44,6192.0
1705,-0.129,F,F8V,44,6192.0
1706,-0.258,G,G0V,47,5953.0
1707,-0.03,G,G7V,54,5544.0
1708,-0.007,G,G5V,52,5660.0
1709,-0.142,F,F9.5V,46,5995.0
1710,-0.297,F,F8V,44,6116.0
1711,-0.297,F,F8V,44,6116.0
1712,-0.297,F,F8V,44,6116.0
1713,0.174,K,K4V,65,4647.0
1714,0.174,K,K4V,65,4647.0
1715,0.005,G,G1V,48,5877.0
1716,-0.277,G,G6V,53,5582.0
1717,-0.002,G,G9V,56,5408.0
1718,-0.046,G,G6V,53,5609.0
1719,-0.363,K,K5.5V,68,4351.0
1720,-0.363,K,K5.5V,68,4351.0
1721,0.02,K,K2V,61,5061.0
1722,0.02,K,K2V,61,5061.0
1723,-0.342,F,F8V,44,6152.0
1724,-0.342,F,F8V,44,6152.0
1725,-0.329,F,F5V,41,6498.0
1726,0.083,G,G6V,53,5615.0
1727,0.083,G,G6V,53,5615.0
1728,-0.396,G,G9V,56,5356.0
1729,-0.465,G,G8V,55,5441.0
1730,0.03,K,K2.5V,62,4950.0
1731,-0.643,G,G5V,52,5625.0
1732,-0.023,F,F9V,45,6092.0
1733,0.073,K,K3V,63,4899.0
1734,-0.083,G,G6V,53,5623.0
1735,-0.546,F,F9.5V,46,6007.0
1736,-0.067,K,K1V,59,5176.0
1737,-0.067,K,K1V,59,5176.0
1738,0.134,K,K0V,57,5267.0
1739,-0.173,K,K5V,67,4412.0
1740,-0.091,F,F8V,44,6154.0
1741,-0.219,G,G6V,53,5619.0
1742,-0.006,G,G6V,53,5564.0
1743,-0.073,G,G3V,50,5736.0
1744,-0.233,K,K4.5V,66,4538.0
1745,-0.179,G,G7V,54,5556.0
1746,-0.251,G,G8V,55,5463.0
1747,-0.115,G,G6V,53,5616.0
1748,-0.416,K,K1.5V,60,5112.0
1749,-0.28,F,F9V,45,6046.0
1750,-0.031,G,G3V,50,5704.0
1751,-0.157,K,K4.5V,66,4534.0
1752,-0.157,K,K4.5V,66,4534.0
1753,0.052,K,K3V,63,4781.0
1754,0.052,K,K3V,63,4781.0
1755,0.052,K,K3V,63,4781.0
1756,-0.452,G,G2V,49,5809.0
1757,0.17,G,G3V,50,5722.0
1758,-0.151,F,F9V,45,6030.0
1759,0.432,M,M2V,78,3546.0
1760,0.112,K,K6.5V,70,4196.0
1761,-0.14,G,G7V,54,5537.0
1762,-0.176,K,K5.5V,68,4350.0
1763,-0.427,G,G8V,55,5424.0
1764,-0.427,G,G8V,55,5424.0
1765,0.045,F,F8V,44,6131.0
1766,-0.237,K,K8V,72,3973.0
1767,-0.018,G,G8V,55,5443.0
1768,-0.249,G,G7V,54,5538.0
1769,-0.035,K,K2V,61,5052.0
1770,-0.108,G,G2V,49,5750.0
1771,-0.261,G,G2V,49,5822.0
1772,0.078,G,G4V,51,5684.0
1773,-0.05,K,K1V,59,5170.0
1774,-0.584,K,K7V,71,4115.0
1775,-0.579,G,G3V,50,5731.0
1776,-0.287,K,K5V,67,4412.0
1777,-0.138,F,F8V,44,6156.0
1778,0.087,K,K7V,71,4097.0
1779,-0.046,K,K1.5V,60,5123.0
1780,-0.526,F,F7V,43,6219.0
1781,-0.052,K,K2V,61,5067.0
1782,-0.295,G,G9V,56,5338.0
1783,-0.719,F,F9.5V,46,5972.0
1784,-0.59,G,G7V,54,5534.0
1785,-0.246,G,G6V,53,5597.0
1786,0.154,G,G6V,53,5577.0
1787,-0.081,F,F9.5V,46,5968.0
1788,0.091,G,G1V,48,5851.0
1789,0.074,K,K3V,63,4804.0
1790,-0.056,F,F8V,44,6193.0
1791,-0.265,K,K0V,57,5273.0
1792,-0.562,K,K6V,69,4250.0
1793,-0.562,K,K6V,69,4250.0
1794,-0.562,K,K6V,69,4250.0
1795,-0.181,K,K1.5V,60,5113.0
1796,-0.572,K,K5.5V,68,4360.0
1797,-0.265,G,G6V,53,5568.0
1798,,G,G6V,53,
1799,-0.231,F,F8V,44,6139.0
1800,-0.18,F,F9.5V,46,5995.0
1801,0.121,G,G6V,53,5605.0
1802,-0.046,K,K5.5V,68,4346.0
1803,-0.046,K,K5.5V,68,4346.0
1804,-0.046,K,K5.5V,68,4346.0
1805,-0.077,K,K3.5V,64,4735.0
1806,0.009,G,G1V,48,5839.0
1807,-0.202,G,G8V,55,5453.0
1808,-0.426,K,K2V,61,5025.0
1809,-0.532,F,F7V,43,6233.0
1810,-0.136,G,G5V,52,5631.0
1811,0.523,K,K3V,63,4783.0
1812,0.138,G,G1V,48,5847.0
1813,-0.615,G,G8V,55,5492.0
1814,-0.039,F,F8V,44,6154.0
1815,-0.109,G,G9V,56,5348.0
1816,-0.238,G,G5V,52,5648.0
1817,-0.329,G,G9V,56,5375.0
1818,0.089,K,K3V,63,4817.0
1819,-0.409,G,G2V,49,5811.0
1820,-0.087,F,F6V,42,6316.0
1821,-0.148,K,K7V,71,4106.0
1822,-0.205,K,K2.5V,62,4925.0
1823,-0.871,K,K2.5V,62,4945.0
1824,0.238,K,K2.5V,62,4985.0
1825,0.238,K,K2.5V,62,4985.0
1826,0.238,K,K2.5V,62,4985.0
1827,0.056,G,G4V,51,5679.0
1828,-0.124,G,G6V,53,5610.0
1829,-0.472,K,K6.5V,70,4174.0
1830,-0.472,K,K6.5V,70,4174.0
1831,-0.222,K,K3V,63,4894.0
1832,-0.222,K,K3V,63,4894.0
1833,-0.048,F,F9.5V,46,6006.0
1834,,F,F9.5V,46,
1835,-0.168,G,G6V,53,5608.0
1836,-0.539,K,K1.5V,60,5094.0
1837,-0.539,K,K1.5V,60,5094.0
1838,-0.189,K,K7V,71,4110.0
1839,0.299,G,G8V,55,5503.0
1840,-0.053,G,G1V,48,5898.0
1841,-0.053,G,G1V,48,5898.0
1842,-0.053,G,G1V,48,5898.0
1843,-0.036,K,K4.5V,66,4484.0
1844,-0.036,K,K4.5V,66,4484.0
1845,0.071,K,K0V,57,5273.0
1846,-0.401,G,G2V,49,5776.0
1847,-0.193,G,G4V,51,5683.0
1848,-0.185,G,G9V,56,5364.0
1849,-0.107,G,G4V,51,5676.0
1850,0.0,G,G2V,49,5805.0
1851,-0.066,K,K2V,61,5068.0
1852,0.18,K,K2V,61,5086.0
1853,0.177,K,K8V,72,4025.0
1854,-0.214,G,G6V,53,5589.0
1855,-0.707,K,K5V,67,4462.0
1856,-0.194,K,K3V,63,4840.0
1857,-0.078,G,G3V,50,5743.0
1858,,G,G3V,50,
1859,0.058,K,K3V,63,4904.0
1860,,K,K3V,63,
1861,,K,K3V,63,
1862,,K,K3V,63,
1863,,K,K3V,63,
1864,,K,K3V,63,
1865,-0.31,F,F9V,45,6081.0
1866,-0.011,G,G3V,50,5718.0
1867,0.109,F,F9.5V,46,6020.0
1868,0.02,G,G6V,53,5602.0
1869,-0.255,K,K0V,57,5281.0
1870,-0.19,G,G3V,50,5707.0
1871,-0.455,G,G1V,48,5852.0
1872,-0.194,K,K9V,73,3952.0
1873,-0.149,K,K6.5V,70,4156.0
1874,-0.149,G,G3V,50,5725.0
1875,-0.149,G,G3V,50,5725.0
1876,,G,G3V,50,
1877,-0.786,G,G2V,49,5802.0
1878,-0.761,F,F9V,45,6090.0
1879,0.151,M,M0.5V,75,3822.0
1880,-0.121,G,G4V,51,5692.0
1881,-0.024,F,F8V,44,6158.0
1882,0.001,G,G6V,53,5592.0
1883,0.001,G,G6V,53,5592.0
1884,0.087,K,K0.5V,58,5211.0
1885,0.157,K,K0.5V,58,5224.0
1886,-0.598,K,K5.5V,68,4360.0
1887,-0.131,K,K2V,61,5066.0
1888,0.056,K,K2V,61,5048.0
1889,-0.363,K,K6V,69,4225.0
1890,-0.533,F,F9V,45,6044.0
1891,0.054,K,K3V,63,4825.0
1892,-0.1,G,G6V,53,5601.0
1893,-0.152,G,G9V,56,5342.0
1894,-0.152,G,G9V,56,5342.0
1895,-0.122,G,G0V,47,5912.0
1896,0.251,K,K3V,63,4901.0
1897,-0.077,K,K1.5V,60,5148.0
1898,-0.027,G,G8V,55,5470.0
1899,-0.052,F,F6V,42,6295.0
1900,0.077,G,G9V,56,5311.0
1901,0.077,G,G9V,56,5311.0
1902,-0.085,G,G3V,50,5701.0
1903,0.076,F,F9.5V,46,5993.0
1904,-0.059,G,G5V,52,5638.0
1905,0.376,K,K4V,65,4606.0
1906,,K,K4V,65,
1907,-0.086,F,F9V,45,6045.0
1908,0.05,G,G7V,54,5531.0
1909,-0.256,G,G8V,55,5500.0
1910,-0.256,G,G8V,55,5500.0
1911,-0.256,G,G8V,55,5500.0
1912,-0.256,G,G8V,55,5500.0
1913,-0.083,G,G9V,56,5388.0
1914,-0.288,G,G7V,54,5528.0
1915,-0.158,G,G5V,52,5635.0
1916,-0.136,F,F9V,45,6086.0
1917,0.051,K,K1.5V,60,5097.0
1918,-0.199,F,F9V,45,6032.0
1919,-0.463,G,G2V,49,5824.0
1920,-0.051,G,G0V,47,5929.0
1921,-0.199,G,G9V,56,5331.0
1922,-0.702,G,G8V,55,5509.0
1923,-0.524,K,K6V,69,4211.0
1924,-0.345,K,K0.5V,58,5244.0
1925,0.577,M,M2.5V,79,3523.0
1926,0.56,M,M2V,78,3537.0
1927,-0.531,G,G7V,54,5524.0
1928,0.034,K,K0.5V,58,5205.0
1929,-0.054,K,K0.5V,58,5212.0
1930,-0.293,K,K1.5V,60,5133.0
1931,-0.036,M,M1V,76,3705.0
1932,-0.036,M,M1V,76,3705.0
1933,-0.654,G,G9V,56,5387.0
1934,0.106,K,K2V,61,5073.0
1935,0.106,K,K2V,61,5073.0
1936,,K,K2V,61,
1937,-0.294,F,F9.5V,46,6022.0
1938,-0.294,F,F9.5V,46,6022.0
1939,-0.294,F,F9.5V,46,6022.0
1940,0.029,K,K0V,57,5265.0
1941,,K,K0V,57,
1942,,K,K0V,57,
1943,,K,K0V,57,
1944,-0.15,K,K2V,61,5034.0
1945,-0.023,K,K3V,63,4850.0
1946,-0.13,G,G7V,54,5549.0
1947,-0.342,G,G7V,54,5553.0
1948,-0.22,F,F6V,42,6301.0
1949,-0.22,F,F6V,42,6301.0
1950,-0.22,F,F6V,42,6301.0
1951,-0.297,F,F7V,43,6270.0
1952,-0.297,F,F7V,43,6270.0
1953,-0.58,K,K4V,65,4647.0
1954,-0.392,K,K2V,61,5087.0
1955,-0.139,G,G3V,50,5737.0
1956,-0.094,F,F9.5V,46,6017.0
1957,-0.436,K,K5.5V,68,4362.0
1958,-1.016,K,K6V,69,4250.0
1959,-0.058,G,G7V,54,5528.0
1960,0.102,K,K7V,71,4103.0
1961,0.102,K,K7V,71,4103.0
1962,0.221,M,M1.5V,77,3653.0
1963,0.221,M,M1.5V,77,3653.0
1964,0.221,M,M1.5V,77,3653.0
1965,-0.505,G,G8V,55,5484.0
1966,0.243,G,G6V,53,5622.0
1967,-0.301,G,G6V,53,5601.0
1968,-0.051,K,K2V,61,5039.0
1969,,K,K2V,61,
1970,-0.326,K,K7V,71,4103.0
1971,-0.123,G,G4V,51,5687.0
1972,-0.123,G,G4V,51,5687.0
1973,-0.059,G,G3V,50,5730.0
1974,-0.107,G,G8V,55,5491.0
1975,-0.364,F,F9.5V,46,5995.0
1976,-0.048,F,F9.5V,46,6013.0
1977,-0.048,F,F9.5V,46,6013.0
1978,-0.049,K,K0V,57,5307.0
1979,-0.527,G,G9V,56,5405.0
1980,-0.081,M,M0V,74,3881.0
1981,-0.081,M,M0V,74,3881.0
1982,-0.081,M,M0V,74,3881.0
1983,-0.081,M,M0V,74,3881.0
1984,-0.081,M,M0V,74,3881.0
1985,-0.205,F,F9.5V,46,5967.0
1986,-0.042,M,M0V,74,3892.0
1987,-0.042,M,M0V,74,3892.0
1988,-0.345,G,G5V,52,5666.0
1989,,G,G5V,52,
1990,0.063,K,K2V,61,5017.0
1991,-0.078,K,K9V,73,3922.0
1992,-0.48,K,K7V,71,4105.0
1993,-0.48,K,K7V,71,4105.0
1994,-0.05,K,K8V,72,4003.0
1995,,K,K8V,72,
1996,-0.156,G,G5V,52,5634.0
1997,0.058,K,K5.5V,68,4328.0
1998,-0.487,K,K0V,57,5297.0
1999,-0.9,G,G6V,53,5601.0
2000,-0.951,G,G8V,55,5431.0
2001,-0.951,G,G8V,55,5431.0
2002,-0.951,G,G8V,55,5431.0
2003,,G,G8V,55,
2004,-0.204,G,G9V,56,5413.0
2005,-0.017,K,K8V,72,4021.0
2006,-0.005,M,M0V,74,3868.0
2007,-0.134,K,K2V,61,5047.0
2008,-0.365,F,F9.5V,46,5980.0
2009,-0.365,F,F9.5V,46,5980.0
2010,-0.134,G,G5V,52,5657.0
2011,-0.315,G,G1V,48,5862.0
2012,,G,G1V,48,
2013,,G,G1V,48,
2014,,G,G1V,48,
2015,-0.284,F,F9V,45,6037.0
2016,-0.111,F,F9V,45,6036.0
2017,-0.67,K,K6V,69,4214.0
2018,-0.329,K,K5.5V,68,4359.0
2019,-0.329,K,K5.5V,68,4359.0
2020,-0.079,K,K5.5V,68,4342.0
2021,0.015,K,K1.5V,60,5114.0
2022,-0.265,G,G1V,48,5839.0
2023,-0.051,G,G6V,53,5608.0
2024,-0.005,K,K2V,61,5043.0
2025,-0.183,F,F8V,44,6198.0
2026,,F,F8V,44,
2027,,F,F8V,44,
2028,,F,F8V,44,
2029,-0.2,G,G3V,50,5733.0
2030,-0.374,G,G1V,48,5876.0
2031,-0.374,G,G1V,48,5876.0
2032,-0.567,G,G6V,53,5587.0
2033,-0.12,G,G3V,50,5724.0
2034,-0.012,F,F9.5V,46,5993.0
2035,0.009,K,K2V,61,5074.0
2036,-0.383,G,G6V,53,5582.0
2037,-0.181,G,G3V,50,5719.0
2038,-0.097,K,K2.5V,62,4970.0
2039,0.183,G,G8V,55,5502.0
2040,0.041,G,G4V,51,5680.0
2041,-0.509,G,G1V,48,5827.0
2042,,G,G1V,48,
2043,0.565,M,M2V,78,3553.0
2044,-0.378,G,G7V,54,5554.0
2045,-0.139,F,F5V,41,6431.0
2046,-0.187,G,G8V,55,5433.0
2047,-0.187,G,G8V,55,5433.0
2048,-0.094,F,F9V,45,6046.0
2049,-0.063,K,K3V,63,4908.0
2050,-0.061,F,F5V,41,6493.0
2051,-0.098,G,G8V,55,5429.0
2052,-0.07,K,K5V,67,4400.0
2053,-0.217,F,F5V,41,6500.0
2054,-0.217,F,F5V,41,6500.0
2055,-0.389,G,G0V,47,5956.0
2056,-0.163,M,M0V,74,3900.0
2057,-0.163,M,M0V,74,3900.0
2058,-0.125,G,G6V,53,5591.0
2059,0.191,G,G6V,53,5617.0
2060,-0.768,G,G6V,53,5612.0
2061,-0.031,G,G8V,55,5497.0
2062,-0.031,G,G8V,55,5497.0
2063,-0.618,G,G6V,53,5601.0
2064,-0.618,G,G6V,53,5601.0
2065,-0.618,G,G6V,53,5601.0
2066,-0.081,G,G2V,49,5823.0
2067,-0.572,K,K6.5V,70,4160.0
2068,-0.209,K,K3V,63,4869.0
2069,-0.209,K,K3V,63,4869.0
2070,-0.209,K,K3V,63,4869.0
2071,0.031,K,K0V,57,5299.0
2072,-0.332,G,G9V,56,5394.0
2073,-0.009,G,G9V,56,5406.0
2074,-0.158,F,F6V,42,6309.0
2075,-0.148,F,F9V,45,6052.0
2076,-0.099,K,K1.5V,60,5094.0
2077,-0.153,G,G9V,56,5350.0
2078,-0.075,G,G9V,56,5376.0
2079,-0.233,F,F9V,45,6074.0
2080,-0.233,F,F9V,45,6074.0
2081,-0.114,G,G9V,56,5364.0
2082,0.158,K,K2.5V,62,5000.0
2083,-0.015,G,G7V,54,5542.0
2084,-0.566,K,K2V,61,5053.0
2085,-0.171,F,F9.5V,46,5967.0
2086,-0.129,G,G3V,50,5723.0
2087,-1.424,K,K4V,65,4649.0
2088,-0.641,K,K6V,69,4251.0
2089,0.036,G,G6V,53,5579.0
2090,-0.23,K,K0V,57,5280.0
2091,0.265,M,M1V,76,3684.0
2092,-0.314,K,K6.5V,70,4136.0
2093,-0.12,F,F5V,41,6528.0
2094,-0.266,K,K6V,69,4250.0
2095,0.212,G,G9V,56,5342.0
2096,-0.154,F,F9V,45,6089.0
2097,-0.191,G,G2V,49,5812.0
2098,-0.176,F,F8V,44,6169.0
2099,-0.162,G,G1V,48,5863.0
2100,0.133,K,K2.5V,62,5004.0
2101,0.133,K,K2.5V,62,5004.0
2102,0.133,K,K2.5V,62,5004.0
2103,0.293,G,G9V,56,5353.0
2104,-0.175,K,K2V,61,5072.0
2105,-0.125,K,K9V,73,3929.0
2106,,K,K9V,73,
2107,0.194,G,G8V,55,5488.0
2108,-0.144,G,G7V,54,5532.0
2109,-0.022,F,F9.5V,46,6011.0
2110,0.233,G,G8V,55,5416.0
2111,-0.073,G,G0V,47,5934.0
2112,0.553,K,K4V,65,4607.0
2113,0.553,K,K4V,65,4607.0
2114,,K,K4V,65,
2115,-0.429,F,F5V,41,6514.0
2116,-0.492,K,K9V,73,3933.0
2117,-0.011,G,G2V,49,5793.0
2118,-0.192,K,K0.5V,58,5247.0
2119,0.172,K,K9V,73,3911.0
2120,0.172,K,K9V,73,3911.0
2121,-0.253,F,F9V,45,6074.0
2122,0.031,M,M0.5V,75,3831.0
2123,-0.187,K,K0.5V,58,5223.0
2124,-0.467,K,K0V,57,5292.0
2125,,K,K0V,57,
2126,-0.354,G,G9V,56,5412.0
2127,-0.083,K,K1.5V,60,5107.0
2128,-0.094,F,F8V,44,6144.0
2129,-0.117,G,G1V,48,5853.0
2130,0.52,K,K3.5V,64,4656.0
2131,-0.145,F,F9V,45,6073.0
2132,-0.145,F,F9V,45,6073.0
2133,-0.056,G,G9V,56,5377.0
2134,-0.053,F,F7V,43,6282.0
2135,-0.137,F,F9V,45,6062.0
2136,-0.21,K,K6.5V,70,4147.0
2137,,K,K6.5V,70,
2138,,K,K6.5V,70,
2139,,K,K6.5V,70,
2140,0.195,G,G9V,56,5333.0
2141,-0.057,F,F9.5V,46,6014.0
2142,0.14,K,K2V,61,5026.0
2143,0.075,K,K2.5V,62,4946.0
2144,-0.299,G,G6V,53,5565.0
2145,-0.016,G,G7V,54,5548.0
2146,-0.333,K,K2V,61,5062.0
2147,-0.183,G,G0V,47,5924.0
2148,0.415,K,K3.5V,64,4656.0
2149,-0.291,F,F8V,44,6167.0
2150,-0.041,G,G6V,53,5585.0
2151,-0.36,G,G0V,47,5947.0
2152,-0.074,G,G1V,48,5856.0
2153,-0.074,G,G1V,48,5856.0
2154,-0.131,G,G5V,52,5649.0
2155,0.043,K,K2V,61,5087.0
2156,0.204,K,K3.5V,64,4727.0
2157,0.204,K,K3.5V,64,4727.0
2158,0.204,K,K3.5V,64,4727.0
2159,0.204,K,K3.5V,64,4727.0
2160,-0.309,K,K2V,61,5038.0
2161,0.05,K,K2.5V,62,4942.0
2162,0.05,K,K2.5V,62,4942.0
2163,0.05,K,K2.5V,62,4942.0
2164,0.241,K,K3.5V,64,4658.0
2165,0.039,K,K9V,73,3914.0
2166,0.006,M,M0V,74,3898.0
2167,-0.339,G,G7V,54,5549.0
2168,-0.185,K,K6.5V,70,4157.0
2169,0.061,K,K7V,71,4050.0
2170,0.176,M,M1V,76,3740.0
2171,-0.693,K,K1V,59,5204.0
2172,-0.693,K,K1V,59,5204.0
2173,-0.718,G,G6V,53,5573.0
2174,-0.584,G,G3V,50,5739.0
2175,0.148,K,K2.5V,62,5013.0
2176,-0.135,F,F8V,44,6200.0
2177,0.126,M,M0V,74,3846.0
2178,-0.224,M,M0V,74,3875.0
2179,-0.136,G,G3V,50,5739.0
2180,,G,G3V,50,
2181,0.538,K,K2.5V,62,4910.0
2182,0.538,K,K2.5V,62,4910.0
2183,-0.198,K,K1.5V,60,5096.0
2184,0.453,K,K1V,59,5176.0
2185,0.015,K,K8V,72,4015.0
2186,-0.064,F,F9.5V,46,5970.0
2187,-0.145,G,G9V,56,5374.0
2188,-0.112,F,F7V,43,6223.0
2189,0.04,K,K1V,59,5174.0
2190,-0.152,G,G0V,47,5936.0
2191,0.207,M,M1V,76,3737.0
2192,0.186,G,G5V,52,5659.0
2193,-0.211,G,G1V,48,5885.0
2194,-0.063,K,K0.5V,58,5235.0
2195,-0.063,K,K0.5V,58,5235.0
2196,-0.118,G,G1V,48,5841.0
2197,,G,G1V,48,
2198,-0.16,G,G8V,55,5430.0
2199,-0.521,F,F8V,44,6145.0
2200,-0.165,G,G3V,50,5714.0
2201,-0.165,G,G3V,50,5714.0
2202,-0.165,G,G3V,50,5714.0
2203,-0.092,G,G3V,50,5725.0
2204,-0.311,G,G8V,55,5454.0
2205,,G,G8V,55,
2206,,G,G8V,55,
2207,-0.154,F,F7V,43,6288.0
2208,-0.003,K,K5V,67,4450.0
2209,-0.003,K,K5V,67,4450.0
2210,-0.245,F,F9V,45,6043.0
2211,-0.978,K,K5.5V,68,4369.0
2212,-0.237,G,G8V,55,5417.0
2213,-0.237,G,G8V,55,5417.0
2214,-0.59,G,G1V,48,5839.0
2215,-0.052,G,G4V,51,5675.0
2216,-0.205,F,F6V,42,6299.0
2217,-0.346,G,G3V,50,5743.0
2218,-0.29,F,F9.5V,46,5999.0
2219,-0.29,F,F9.5V,46,5999.0
2220,-0.144,G,G0V,47,5945.0
2221,-0.144,G,G0V,47,5945.0
2222,-0.115,K,K2.5V,62,4966.0
2223,-0.115,K,K2.5V,62,4966.0
2224,-0.657,K,K1V,59,5200.0
2225,-0.29,G,G3V,50,5740.0
2226,-0.397,K,K8V,72,4027.0
2227,-0.275,F,F9V,45,6080.0
2228,-0.098,G,G2V,49,5816.0
2229,-0.059,K,K0V,57,5293.0
2230,-0.079,F,F9.5V,46,5964.0
2231,-0.535,K,K2V,61,5055.0
2232,0.153,G,G5V,52,5658.0
2233,-0.099,F,F7V,43,6206.0
2234,-0.107,G,G2V,49,5749.0
2235,-0.178,G,G6V,53,5616.0
2236,-0.178,G,G6V,53,5616.0
2237,,G,G6V,53,
2238,-0.106,G,G9V,56,5380.0
2239,-0.583,G,G2V,49,5797.0
2240,-0.062,G,G3V,50,5708.0
2241,-0.087,K,K3.5V,64,4716.0
2242,-0.108,F,F9V,45,6103.0
2243,,F,F9V,45,
2244,-0.134,G,G6V,53,5589.0
2245,-0.415,K,K2.5V,62,5011.0
2246,0.004,G,G2V,49,5820.0
2247,0.415,K,K3.5V,64,4731.0
2248,-0.18,K,K4.5V,66,4558.0
2249,0.168,M,M1V,76,3712.0
2250,0.168,M,M1V,76,3712.0
2251,0.168,M,M1V,76,3712.0
2252,0.168,M,M1V,76,3712.0
2253,0.0,G,G0V,47,5941.0
2254,-0.41,G,G1V,48,5837.0
2255,,G,G1V,48,
2256,0.316,G,G8V,55,5469.0
2257,-0.009,K,K1V,59,5167.0
2258,0.07,G,G2V,49,5805.0
2259,-0.056,G,G0V,47,5932.0
2260,-0.024,K,K0.5V,58,5212.0
2261,0.076,K,K3V,63,4770.0
2262,-0.123,G,G8V,55,5465.0
2263,-0.489,G,G9V,56,5319.0
2264,-0.391,G,G3V,50,5709.0
2265,-0.391,G,G3V,50,5709.0
2266,0.021,G,G2V,49,5782.0
2267,-0.189,G,G2V,49,5818.0
2268,-0.273,F,F9V,45,6063.0
2269,0.023,G,G6V,53,5599.0
2270,-0.187,G,G2V,49,5811.0
2271,0.247,K,K3.5V,64,4666.0
2272,0.247,K,K3.5V,64,4666.0
2273,-0.205,F,F7V,43,6228.0
2274,-0.162,K,K1V,59,5166.0
2275,-0.812,G,G8V,55,5491.0
2276,-0.425,G,G6V,53,5619.0
2277,-0.086,F,F9V,45,6032.0
2278,-0.502,G,G1V,48,5832.0
2279,-0.533,F,F8V,44,6191.0
2280,-0.533,F,F8V,44,6191.0
2281,-0.533,F,F8V,44,6191.0
2282,-0.533,F,F8V,44,6191.0
2283,-0.03,G,G7V,54,5544.0
2284,0.102,G,G1V,48,5848.0
2285,-0.307,F,F9.5V,46,5987.0
2286,-1.13,K,K4.5V,66,4536.0
2287,-0.342,F,F8V,44,6152.0
2288,-0.078,G,G2V,49,5803.0
2289,-0.169,G,G3V,50,5706.0
2290,0.006,K,K2V,61,5078.0
2291,-0.324,F,F9V,45,6091.0
2292,0.071,G,G0V,47,5915.0
2293,-0.055,G,G7V,54,5526.0
2294,-0.426,K,K6.5V,70,4165.0
2295,,K,K6.5V,70,
